Sample in Buffer,Sample in Window,TRIGGER,data/adc_F_data_package/state23[3:0],data/adc_F_data_package/next_state23[3:0],data/adc_F_data_package/adc_data[11:0],data/adc_F_data_package/fifo1[11:0],data/adc_F_data_package/data_fifo2_out[11:0],data/adc_F_data_package/data_fifo3_in[3:0],data/adc_F_data_package/rd_fifo2,data/adc_F_data_package/data_cnt_fifo2[7:0],data/adc_F_data_package/data_cnt_fifo2_use[7:0],data/adc_F_data_package/cnt23[11:0],data/adc_F_data_package/rd_fifo1_1,data/adc_F_data_package/rd_fifo1,data/adc_F_data_package/clk_125m,data/adc_F_data_package/full,data/adc_F_data_package/empty,data/adc_F_data_package/wr_rst_busy,data/adc_F_data_package/rd_rst_busy,data/adc_F_data_package/wr_fifo3,data/adc_F_data_package/fifo23_end,data/adc_F_data_package/rd_fifo3,data/adc_F_data_package/data_cnt_fifo3[9:0],data/adc_F_data_package/data_fifo3_out[3:0],data/adc_F_data_package/full3,data/adc_F_data_package/empty3
0,0,0,0,0,2015,7de,7c3,0,0,68,00,000,0,0,1,0,0,0,0,0,1,0,000,4,0,1
1,1,0,0,0,2016,7e0,7c3,0,0,68,00,000,0,0,1,0,0,0,0,0,1,0,000,4,0,1
2,2,0,0,0,2016,7de,7c3,0,0,68,00,000,0,0,1,0,0,0,0,0,1,0,000,4,0,1
3,3,0,0,0,2015,7df,7c3,0,0,68,00,000,0,0,1,0,0,0,0,0,1,0,000,4,0,1
4,4,0,0,0,2016,7df,7c3,0,0,68,00,000,0,0,1,0,0,0,0,0,1,0,000,4,0,1
5,5,0,0,0,2016,7df,7c3,0,0,68,00,000,0,0,1,0,0,0,0,0,1,0,000,4,0,1
6,6,0,0,0,2017,7e0,7c3,0,0,68,00,000,0,0,1,0,0,0,0,0,1,0,000,4,0,1
7,7,0,0,0,2017,7df,7c3,0,0,68,00,000,0,0,1,0,0,0,0,0,1,0,000,4,0,1
8,8,0,0,0,2018,7e0,7c3,0,0,68,00,000,0,0,1,0,0,0,0,0,1,0,000,4,0,1
9,9,0,0,0,2018,7e0,7c3,0,0,68,00,000,0,0,1,0,0,0,0,0,1,0,000,4,0,1
10,10,0,0,0,2018,7df,7c3,0,0,68,00,000,0,0,1,0,0,0,0,0,1,0,000,4,0,1
11,11,0,0,0,2017,7e1,7c3,0,0,68,00,000,0,0,1,0,0,0,0,0,1,0,000,4,0,1
12,12,0,0,0,2016,7e0,7c3,0,0,68,00,000,0,0,1,0,0,0,0,0,1,0,000,4,0,1
13,13,0,0,0,2017,7df,7c3,0,0,68,00,000,0,0,1,0,0,0,0,0,1,0,000,4,0,1
14,14,0,0,0,2016,7e0,7c3,0,0,68,00,000,0,0,1,0,0,0,0,0,1,0,000,4,0,1
15,15,0,0,0,2015,7df,7c3,0,0,68,00,000,0,0,1,0,0,0,0,0,1,0,000,4,0,1
16,16,0,0,0,2015,7e0,7c3,0,0,68,00,000,0,0,1,0,0,0,0,0,1,0,000,4,0,1
17,17,0,0,0,2013,7e0,7c3,0,0,68,00,000,0,0,1,0,0,0,0,0,1,0,000,4,0,1
18,18,0,0,0,2014,7df,7c3,0,0,68,00,000,0,0,1,0,0,0,0,0,1,0,000,4,0,1
19,19,0,0,0,2013,7e0,7c3,0,0,68,00,000,0,0,1,0,0,0,0,0,1,0,000,4,0,1
20,20,0,0,0,2012,7e0,7c3,0,0,68,00,000,0,0,1,0,0,0,0,0,1,0,000,4,0,1
21,21,0,0,0,2014,7e1,7c3,0,0,68,00,000,0,0,1,0,0,0,0,0,1,0,000,4,0,1
22,22,0,0,0,2015,7e1,7c3,0,0,68,00,000,0,0,1,0,0,0,0,0,1,0,000,4,0,1
23,23,0,0,0,2014,7e2,7c3,0,0,68,00,000,0,0,1,0,0,0,0,0,1,0,000,4,0,1
24,24,0,0,0,2016,7e2,7c3,0,0,68,00,000,0,0,1,0,0,0,0,0,1,0,000,4,0,1
25,25,0,0,0,2014,7e2,7c3,0,0,68,00,000,0,0,1,0,0,0,0,0,1,0,000,4,0,1
26,26,0,0,0,2016,7e1,7c3,0,0,68,00,000,0,0,1,0,0,0,0,0,1,0,000,4,0,1
27,27,0,0,0,2015,7e0,7c3,0,0,68,00,000,0,0,1,0,0,0,0,0,1,0,000,4,0,1
28,28,0,0,0,2016,7e1,7c3,0,0,68,00,000,0,0,1,0,0,0,0,0,1,0,000,4,0,1
29,29,0,0,0,2015,7e0,7c3,0,0,68,00,000,0,0,1,0,0,0,0,0,1,0,000,4,0,1
30,30,0,0,0,2016,7df,7c3,0,0,68,00,000,0,0,1,0,0,0,0,0,1,0,000,4,0,1
31,31,0,0,0,2016,7df,7c3,0,0,68,00,000,0,0,1,0,0,0,0,0,1,0,000,4,0,1
32,32,0,0,0,2015,7dd,7c3,0,0,68,00,000,0,0,1,0,0,0,0,0,1,0,000,4,0,1
33,33,0,0,0,2014,7de,7c3,0,0,68,00,000,0,0,1,0,0,0,0,0,1,0,000,4,0,1
34,34,0,0,0,2015,7dd,7c3,0,0,68,00,000,0,0,1,0,0,0,0,0,1,0,000,4,0,1
35,35,0,0,0,2015,7dc,7c3,0,0,68,00,000,0,0,1,0,0,0,0,0,1,0,000,4,0,1
36,36,0,0,0,2016,7de,7c3,0,0,68,00,000,0,0,1,0,0,0,0,0,1,0,000,4,0,1
37,37,0,0,0,2015,7df,7c3,0,0,68,00,000,0,0,1,0,0,0,0,0,1,0,000,4,0,1
38,38,0,0,0,2016,7de,7c3,0,0,68,00,000,0,0,1,0,0,0,0,0,1,0,000,4,0,1
39,39,0,0,0,2015,7e0,7c3,0,0,68,00,000,0,0,1,0,0,0,0,0,1,0,000,4,0,1
40,40,0,0,0,2015,7de,7c3,0,0,68,00,000,0,0,1,0,0,0,0,0,1,0,000,4,0,1
41,41,0,0,0,2017,7e0,7c3,0,0,68,00,000,0,0,1,0,0,0,0,0,1,0,000,4,0,1
42,42,0,0,0,2015,7df,7c3,0,0,68,00,000,0,0,1,0,0,0,0,0,1,0,000,4,0,1
43,43,0,0,0,2017,7e0,7c3,0,0,68,00,000,0,0,1,0,0,0,0,0,1,0,000,4,0,1
44,44,0,0,0,2016,7df,7c3,0,0,68,00,000,0,0,1,0,0,0,0,0,1,0,000,4,0,1
45,45,0,0,0,2016,7e0,7c3,0,0,68,00,000,0,0,1,0,0,0,0,0,1,0,000,4,0,1
46,46,0,0,0,2017,7e0,7c3,0,0,68,00,000,0,0,1,0,0,0,0,0,1,0,000,4,0,1
47,47,0,0,0,2016,7df,7c3,0,0,68,00,000,0,0,1,0,0,0,0,0,1,0,000,4,0,1
48,48,0,0,0,2016,7de,7c3,0,0,68,00,000,0,0,1,0,0,0,0,0,1,0,000,4,0,1
49,49,0,0,0,2017,7df,7c3,0,0,68,00,000,0,0,1,0,0,0,0,0,1,0,000,4,0,1
50,50,0,0,0,2015,7df,7c3,0,0,68,00,000,0,0,1,0,0,0,0,0,1,0,000,4,0,1
51,51,0,0,0,2017,7e0,7c3,0,0,68,00,000,0,0,1,0,0,0,0,0,1,0,000,4,0,1
52,52,0,0,0,2015,7df,7c3,0,0,68,00,000,0,0,1,0,0,0,0,0,1,0,000,4,0,1
53,53,0,0,0,2016,7e0,7c3,0,0,68,00,000,0,0,1,0,0,0,0,0,1,0,000,4,0,1
54,54,0,0,0,2015,7df,7c3,0,0,68,00,000,0,0,1,0,0,0,0,0,1,0,000,4,0,1
55,55,0,0,0,2014,7df,7c3,0,0,68,00,000,0,0,1,0,0,0,0,0,1,0,000,4,0,1
56,56,0,0,0,2013,7e1,7c3,0,0,68,00,000,0,0,1,0,0,0,0,0,1,0,000,4,0,1
57,57,0,0,0,2011,7df,7c3,0,0,68,00,000,0,0,1,0,0,0,0,0,1,0,000,4,0,1
58,58,0,0,0,2011,7e1,7c3,0,0,68,00,000,0,0,1,0,0,0,0,0,1,0,000,4,0,1
59,59,0,0,0,2010,7e0,7c3,0,0,68,00,000,0,0,1,0,0,0,0,0,1,0,000,4,0,1
60,60,0,0,0,2009,7e0,7c3,0,0,68,00,000,0,0,1,0,0,0,0,0,1,0,000,4,0,1
61,61,0,0,0,2010,7e1,7c3,0,0,68,00,000,0,0,1,0,0,0,0,0,1,0,000,4,0,1
62,62,0,0,0,2014,7e0,7c3,0,0,68,00,000,0,0,1,0,0,0,0,0,1,0,000,4,0,1
63,63,0,0,0,2009,7e0,7c3,0,0,68,00,000,0,0,1,0,0,0,0,0,1,0,000,4,0,1
64,64,0,0,0,2012,7e1,7c3,0,0,68,00,000,0,0,1,0,0,0,0,0,1,0,000,4,0,1
65,65,0,0,0,2013,7df,7c3,0,0,68,00,000,0,0,1,0,0,0,0,0,1,0,000,4,0,1
66,66,0,0,0,2011,7e1,7c3,0,0,68,00,000,0,0,1,0,0,0,0,0,1,0,000,4,0,1
67,67,0,0,0,2013,7df,7c3,0,0,68,00,000,0,0,1,0,0,0,0,0,1,0,000,4,0,1
68,68,0,0,0,2012,7e0,7c3,0,0,68,00,000,0,0,1,0,0,0,0,0,1,0,000,4,0,1
69,69,0,0,0,2012,7df,7c3,0,0,68,00,000,0,0,1,0,0,0,0,0,1,0,000,4,0,1
70,70,0,0,0,2013,7de,7c3,0,0,68,00,000,0,0,1,0,0,0,0,0,1,0,000,4,0,1
71,71,0,0,0,2012,7dd,7c3,0,0,68,00,000,0,0,1,0,0,0,0,0,1,0,000,4,0,1
72,72,0,0,0,2013,7db,7c3,0,0,68,00,000,0,0,1,0,0,0,0,0,1,0,000,4,0,1
73,73,0,0,0,2012,7db,7c3,0,0,68,00,000,0,0,1,0,0,0,0,0,1,0,000,4,0,1
74,74,0,0,0,2013,7da,7c3,0,0,68,00,000,0,0,1,0,0,0,0,0,1,0,000,4,0,1
75,75,0,0,0,2014,7d9,7c3,0,0,68,00,000,0,0,1,0,0,0,0,0,1,0,000,4,0,1
76,76,0,0,0,2014,7da,7c3,0,0,68,00,000,0,0,1,0,0,0,0,0,1,0,000,4,0,1
77,77,0,0,0,2013,7de,7c3,0,0,68,00,000,0,0,1,0,0,0,0,0,1,0,000,4,0,1
78,78,0,0,0,2013,7d9,7c3,0,0,68,00,000,0,0,1,0,0,0,0,0,1,0,000,4,0,1
79,79,0,0,0,2014,7dc,7c3,0,0,68,00,000,0,0,1,0,0,0,0,0,1,0,000,4,0,1
80,80,0,0,0,2013,7dd,7c3,0,0,68,00,000,0,0,1,0,0,0,0,0,1,0,000,4,0,1
81,81,0,0,0,2013,7db,7c3,0,0,68,00,000,0,0,1,0,0,0,0,0,1,0,000,4,0,1
82,82,0,0,0,2014,7dd,7c3,0,0,68,00,000,0,0,1,0,0,0,0,0,1,0,000,4,0,1
83,83,0,0,0,2015,7dc,7c3,0,0,68,00,000,0,0,1,0,0,0,0,0,1,0,000,4,0,1
84,84,0,0,0,2014,7dc,7c3,0,0,68,00,000,0,0,1,0,0,0,0,0,1,0,000,4,0,1
85,85,0,0,0,2014,7dd,7c3,0,0,68,00,000,0,0,1,0,0,0,0,0,1,0,000,4,0,1
86,86,0,0,0,2015,7dc,7c3,0,0,68,00,000,0,0,1,0,0,0,0,0,1,0,000,4,0,1
87,87,0,0,0,2015,7dd,7c3,0,0,68,00,000,0,0,1,0,0,0,0,0,1,0,000,4,0,1
88,88,0,0,0,2015,7dc,7c3,0,0,68,00,000,0,0,1,0,0,0,0,0,1,0,000,4,0,1
89,89,0,0,0,2015,7dd,7c3,0,0,68,00,000,0,0,1,0,0,0,0,0,1,0,000,4,0,1
90,90,0,0,0,2015,7de,7c3,0,0,68,00,000,0,0,1,0,0,0,0,0,1,0,000,4,0,1
91,91,0,0,0,2015,7de,7c3,0,0,68,00,000,0,0,1,0,0,0,0,0,1,0,000,4,0,1
92,92,0,0,0,2016,7dd,7c3,0,0,68,00,000,0,0,1,0,0,0,0,0,1,0,000,4,0,1
93,93,0,0,0,2016,7dd,7c3,0,0,68,00,000,0,0,1,0,0,0,0,0,1,0,000,4,0,1
94,94,0,0,0,2015,7de,7c3,0,0,68,00,000,0,0,1,0,0,0,0,0,1,0,000,4,0,1
95,95,0,0,0,2015,7dd,7c3,0,0,68,00,000,0,0,1,0,0,0,0,0,1,0,000,4,0,1
96,96,0,0,0,2014,7dd,7c3,0,0,68,00,000,0,0,1,0,0,0,0,0,1,0,000,4,0,1
97,97,0,0,0,2012,7de,7c3,0,0,68,00,000,0,0,1,0,0,0,0,0,1,0,000,4,0,1
98,98,0,0,0,2013,7df,7c3,0,0,68,00,000,0,0,1,0,0,0,0,0,1,0,000,4,0,1
99,99,0,0,0,2013,7de,7c3,0,0,68,00,000,0,0,1,0,0,0,0,0,1,0,000,4,0,1
100,100,0,0,0,2012,7de,7c3,0,0,68,00,000,0,0,1,0,0,0,0,0,1,0,000,4,0,1
101,101,0,0,0,2011,7df,7c3,0,0,68,00,000,0,0,1,0,0,0,0,0,1,0,000,4,0,1
102,102,0,0,0,2012,7df,7c3,0,0,68,00,000,0,0,1,0,0,0,0,0,1,0,000,4,0,1
103,103,0,0,0,2014,7df,7c3,0,0,68,00,000,0,0,1,0,0,0,0,0,1,0,000,4,0,1
104,104,0,0,0,2012,7df,7c3,0,0,68,00,000,0,0,1,0,0,0,0,0,1,0,000,4,0,1
105,105,0,0,0,2015,7df,7c3,0,0,68,00,000,0,0,1,0,0,0,0,0,1,0,000,4,0,1
106,106,0,0,0,2013,7df,7c3,0,0,68,00,000,0,0,1,0,0,0,0,0,1,0,000,4,0,1
107,107,0,0,0,2015,7e0,7c3,0,0,68,00,000,0,0,1,0,0,0,0,0,1,0,000,4,0,1
108,108,0,0,0,2016,7e0,7c3,0,0,68,00,000,0,0,1,0,0,0,0,0,1,0,000,4,0,1
109,109,0,0,0,2014,7df,7c3,0,0,68,00,000,0,0,1,0,0,0,0,0,1,0,000,4,0,1
110,110,0,0,0,2015,7df,7c3,0,0,68,00,000,0,0,1,0,0,0,0,0,1,0,000,4,0,1
111,111,0,0,0,2016,7de,7c3,0,0,68,00,000,0,0,1,0,0,0,0,0,1,0,000,4,0,1
112,112,0,0,0,2016,7dc,7c3,0,0,68,00,000,0,0,1,0,0,0,0,0,1,0,000,4,0,1
113,113,0,0,0,2016,7dd,7c3,0,0,68,00,000,0,0,1,0,0,0,0,0,1,0,000,4,0,1
114,114,0,0,0,2016,7dd,7c3,0,0,68,00,000,0,0,1,0,0,0,0,0,1,0,000,4,0,1
115,115,0,0,0,2016,7dc,7c3,0,0,68,00,000,0,0,1,0,0,0,0,0,1,0,000,4,0,1
116,116,0,0,0,2016,7db,7c3,0,0,68,00,000,0,0,1,0,0,0,0,0,1,0,000,4,0,1
117,117,0,0,0,2017,7dc,7c3,0,0,68,00,000,0,0,1,0,0,0,0,0,1,0,000,4,0,1
118,118,0,0,0,2017,7de,7c3,0,0,68,00,000,0,0,1,0,0,0,0,0,1,0,000,4,0,1
119,119,0,0,0,2017,7dc,7c3,0,0,68,00,000,0,0,1,0,0,0,0,0,1,0,000,4,0,1
120,120,0,0,0,2018,7df,7c3,0,0,68,00,000,0,0,1,0,0,0,0,0,1,0,000,4,0,1
121,121,0,0,0,2018,7dd,7c3,0,0,68,00,000,0,0,1,0,0,0,0,0,1,0,000,4,0,1
122,122,0,0,0,2017,7df,7c3,0,0,68,00,000,0,0,1,0,0,0,0,0,1,0,000,4,0,1
123,123,0,0,0,2017,7e0,7c3,0,0,68,00,000,0,0,1,0,0,0,0,0,1,0,000,4,0,1
124,124,0,0,0,2018,7de,7c3,0,0,68,00,000,0,0,1,0,0,0,0,0,1,0,000,4,0,1
125,125,0,0,0,2018,7df,7c3,0,0,68,00,000,0,0,1,0,0,0,0,0,1,0,000,4,0,1
126,126,0,0,0,2020,7e0,7c3,0,0,68,00,000,0,0,1,0,0,0,0,0,1,0,000,4,0,1
127,127,0,0,0,2019,7e0,7c3,0,0,68,00,000,0,0,1,0,0,0,0,0,1,0,000,4,0,1
128,128,0,0,0,2018,7e0,7c3,0,0,68,00,000,0,0,1,0,0,0,0,0,1,0,000,4,0,1
129,129,0,0,0,2020,7e0,7c3,0,0,68,00,000,0,0,1,0,0,0,0,0,1,0,000,4,0,1
130,130,0,0,0,2019,7e0,7c3,0,0,68,00,000,0,0,1,0,0,0,0,0,1,0,000,4,0,1
131,131,0,0,0,2020,7e0,7c3,0,0,68,00,000,0,0,1,0,0,0,0,0,1,0,000,4,0,1
132,132,0,0,0,2019,7e1,7c3,0,0,68,00,000,0,0,1,0,0,0,0,0,1,0,000,4,0,1
133,133,0,0,0,2019,7e1,7c3,0,0,68,00,000,0,0,1,0,0,0,0,0,1,0,000,4,0,1
134,134,0,0,0,2020,7e1,7c3,0,0,68,00,000,0,0,1,0,0,0,0,0,1,0,000,4,0,1
135,135,0,0,0,2019,7e2,7c3,0,0,68,00,000,0,0,1,0,0,0,0,0,1,0,000,4,0,1
136,136,0,0,0,2018,7e2,7c3,0,0,68,00,000,0,0,1,0,0,0,0,0,1,0,000,4,0,1
137,137,0,0,0,2016,7e1,7c3,0,0,68,00,000,0,0,1,0,0,0,0,0,1,0,000,4,0,1
138,138,0,0,0,2016,7e1,7c3,0,0,68,00,000,0,0,1,0,0,0,0,0,1,0,000,4,0,1
139,139,0,0,0,2016,7e2,7c3,0,0,68,00,000,0,0,1,0,0,0,0,0,1,0,000,4,0,1
140,140,0,0,0,2014,7e2,7c3,0,0,68,00,000,0,0,1,0,0,0,0,0,1,0,000,4,0,1
141,141,0,0,0,2013,7e4,7c3,0,0,68,00,000,0,0,1,0,0,0,0,0,1,0,000,4,0,1
142,142,0,0,0,2013,7e3,7c3,0,0,68,00,000,0,0,1,0,0,0,0,0,1,0,000,4,0,1
143,143,0,0,0,2019,7e2,7c3,0,0,68,00,000,0,0,1,0,0,0,0,0,1,0,000,4,0,1
144,144,0,0,0,2014,7e4,7c3,0,0,68,00,000,0,0,1,0,0,0,0,0,1,0,000,4,0,1
145,145,0,0,0,2016,7e3,7c3,0,0,68,00,000,0,0,1,0,0,0,0,0,1,0,000,4,0,1
146,146,0,0,0,2017,7e4,7c3,0,0,68,00,000,0,0,1,0,0,0,0,0,1,0,000,4,0,1
147,147,0,0,0,2015,7e3,7c3,0,0,68,00,000,0,0,1,0,0,0,0,0,1,0,000,4,0,1
148,148,0,0,0,2017,7e3,7c3,0,0,68,00,000,0,0,1,0,0,0,0,0,1,0,000,4,0,1
149,149,0,0,0,2016,7e4,7c3,0,0,68,00,000,0,0,1,0,0,0,0,0,1,0,000,4,0,1
150,150,0,0,0,2016,7e3,7c3,0,0,68,00,000,0,0,1,0,0,0,0,0,1,0,000,4,0,1
151,151,0,0,0,2017,7e2,7c3,0,0,68,00,000,0,0,1,0,0,0,0,0,1,0,000,4,0,1
152,152,0,0,0,2016,7e0,7c3,0,0,68,00,000,0,0,1,0,0,0,0,0,1,0,000,4,0,1
153,153,0,0,0,2017,7e0,7c3,0,0,68,00,000,0,0,1,0,0,0,0,0,1,0,000,4,0,1
154,154,0,0,0,2015,7e0,7c3,0,0,68,00,000,0,0,1,0,0,0,0,0,1,0,000,4,0,1
155,155,0,0,0,2016,7de,7c3,0,0,68,00,000,0,0,1,0,0,0,0,0,1,0,000,4,0,1
156,156,0,0,0,2017,7dd,7c3,0,0,68,00,000,0,0,1,0,0,0,0,0,1,0,000,4,0,1
157,157,0,0,0,2017,7dd,7c3,0,0,68,00,000,0,0,1,0,0,0,0,0,1,0,000,4,0,1
158,158,0,0,0,2016,7e3,7c3,0,0,68,00,000,0,0,1,0,0,0,0,0,1,0,000,4,0,1
159,159,0,0,0,2017,7de,7c3,0,0,68,00,000,0,0,1,0,0,0,0,0,1,0,000,4,0,1
160,160,0,0,0,2017,7e0,7c3,0,0,68,00,000,0,0,1,0,0,0,0,0,1,0,000,4,0,1
161,161,0,0,0,2017,7e1,7c3,0,0,68,00,000,0,0,1,0,0,0,0,0,1,0,000,4,0,1
162,162,0,0,0,2017,7df,7c3,0,0,68,00,000,0,0,1,0,0,0,0,0,1,0,000,4,0,1
163,163,0,0,0,2018,7e1,7c3,0,0,68,00,000,0,0,1,0,0,0,0,0,1,0,000,4,0,1
164,164,0,0,0,2018,7e0,7c3,0,0,68,00,000,0,0,1,0,0,0,0,0,1,0,000,4,0,1
165,165,0,0,0,2017,7e0,7c3,0,0,68,00,000,0,0,1,0,0,0,0,0,1,0,000,4,0,1
166,166,0,0,0,2017,7e1,7c3,0,0,68,00,000,0,0,1,0,0,0,0,0,1,0,000,4,0,1
167,167,0,0,0,2018,7e0,7c3,0,0,68,00,000,0,0,1,0,0,0,0,0,1,0,000,4,0,1
168,168,0,0,0,2018,7e1,7c3,0,0,68,00,000,0,0,1,0,0,0,0,0,1,0,000,4,0,1
169,169,0,0,0,2018,7df,7c3,0,0,68,00,000,0,0,1,0,0,0,0,0,1,0,000,4,0,1
170,170,0,0,0,2017,7e0,7c3,0,0,68,00,000,0,0,1,0,0,0,0,0,1,0,000,4,0,1
171,171,0,0,0,2018,7e1,7c3,0,0,68,00,000,0,0,1,0,0,0,0,0,1,0,000,4,0,1
172,172,0,0,0,2018,7e1,7c3,0,0,68,00,000,0,0,1,0,0,0,0,0,1,0,000,4,0,1
173,173,0,0,0,2017,7e0,7c3,0,0,68,00,000,0,0,1,0,0,0,0,0,1,0,000,4,0,1
174,174,0,0,0,2018,7e1,7c3,0,0,68,00,000,0,0,1,0,0,0,0,0,1,0,000,4,0,1
175,175,0,0,0,2018,7e1,7c3,0,0,68,00,000,0,0,1,0,0,0,0,0,1,0,000,4,0,1
176,176,0,0,0,2017,7e1,7c3,0,0,68,00,000,0,0,1,0,0,0,0,0,1,0,000,4,0,1
177,177,0,0,0,2017,7e1,7c3,0,0,68,00,000,0,0,1,0,0,0,0,0,1,0,000,4,0,1
178,178,0,0,0,2015,7e2,7c3,0,0,68,00,000,0,0,1,0,0,0,0,0,1,0,000,4,0,1
179,179,0,0,0,2014,7e2,7c3,0,0,68,00,000,0,0,1,0,0,0,0,0,1,0,000,4,0,1
180,180,0,0,0,2014,7e1,7c3,0,0,68,00,000,0,0,1,0,0,0,0,0,1,0,000,4,0,1
181,181,0,0,0,2014,7e1,7c3,0,0,68,00,000,0,0,1,0,0,0,0,0,1,0,000,4,0,1
182,182,0,0,0,2014,7e2,7c3,0,0,68,00,000,0,0,1,0,0,0,0,0,1,0,000,4,0,1
183,183,0,0,0,2014,7e2,7c3,0,0,68,00,000,0,0,1,0,0,0,0,0,1,0,000,4,0,1
184,184,0,0,0,2017,7e2,7c3,0,0,68,00,000,0,0,1,0,0,0,0,0,1,0,000,4,0,1
185,185,0,0,0,2014,7e1,7c3,0,0,68,00,000,0,0,1,0,0,0,0,0,1,0,000,4,0,1
186,186,0,0,0,2017,7e2,7c3,0,0,68,00,000,0,0,1,0,0,0,0,0,1,0,000,4,0,1
187,187,0,0,0,2015,7e2,7c3,0,0,68,00,000,0,0,1,0,0,0,0,0,1,0,000,4,0,1
188,188,0,0,0,2016,7e1,7c3,0,0,68,00,000,0,0,1,0,0,0,0,0,1,0,000,4,0,1
189,189,0,0,0,2016,7e2,7c3,0,0,68,00,000,0,0,1,0,0,0,0,0,1,0,000,4,0,1
190,190,0,0,0,2017,7e2,7c3,0,0,68,00,000,0,0,1,0,0,0,0,0,1,0,000,4,0,1
191,191,0,0,0,2016,7e1,7c3,0,0,68,00,000,0,0,1,0,0,0,0,0,1,0,000,4,0,1
192,192,0,0,0,2016,7e1,7c3,0,0,68,00,000,0,0,1,0,0,0,0,0,1,0,000,4,0,1
193,193,0,0,0,2016,7df,7c3,0,0,68,00,000,0,0,1,0,0,0,0,0,1,0,000,4,0,1
194,194,0,0,0,2017,7de,7c3,0,0,68,00,000,0,0,1,0,0,0,0,0,1,0,000,4,0,1
195,195,0,0,0,2017,7de,7c3,0,0,68,00,000,0,0,1,0,0,0,0,0,1,0,000,4,0,1
196,196,0,0,0,2017,7de,7c3,0,0,68,00,000,0,0,1,0,0,0,0,0,1,0,000,4,0,1
197,197,0,0,0,2017,7de,7c3,0,0,68,00,000,0,0,1,0,0,0,0,0,1,0,000,4,0,1
198,198,0,0,0,2017,7de,7c3,0,0,68,00,000,0,0,1,0,0,0,0,0,1,0,000,4,0,1
199,199,0,0,0,2017,7e1,7c3,0,0,68,00,000,0,0,1,0,0,0,0,0,1,0,000,4,0,1
200,200,0,0,0,2017,7de,7c3,0,0,68,00,000,0,0,1,0,0,0,0,0,1,0,000,4,0,1
201,201,0,0,0,2017,7e1,7c3,0,0,68,00,000,0,0,1,0,0,0,0,0,1,0,000,4,0,1
202,202,0,0,0,2017,7df,7c3,0,0,68,00,000,0,0,1,0,0,0,0,0,1,0,000,4,0,1
203,203,0,0,0,2018,7e0,7c3,0,0,68,00,000,0,0,1,0,0,0,0,0,1,0,000,4,0,1
204,204,0,0,0,2017,7e0,7c3,0,0,68,00,000,0,0,1,0,0,0,0,0,1,0,000,4,0,1
205,205,0,0,0,2018,7e1,7c3,0,0,68,00,000,0,0,1,0,0,0,0,0,1,0,000,4,0,1
206,206,0,0,0,2018,7e0,7c3,0,0,68,00,000,0,0,1,0,0,0,0,0,1,0,000,4,0,1
207,207,0,0,0,2018,7e0,7c3,0,0,68,00,000,0,0,1,0,0,0,0,0,1,0,000,4,0,1
208,208,0,0,0,2018,7e0,7c3,0,0,68,00,000,0,0,1,0,0,0,0,0,1,0,000,4,0,1
209,209,0,0,0,2018,7e1,7c3,0,0,68,00,000,0,0,1,0,0,0,0,0,1,0,000,4,0,1
210,210,0,0,0,2018,7e1,7c3,0,0,68,00,000,0,0,1,0,0,0,0,0,1,0,000,4,0,1
211,211,0,0,0,2017,7e1,7c3,0,0,68,00,000,0,0,1,0,0,0,0,0,1,0,000,4,0,1
212,212,0,0,0,2018,7e1,7c3,0,0,68,00,000,0,0,1,0,0,0,0,0,1,0,000,4,0,1
213,213,0,0,0,2018,7e1,7c3,0,0,68,00,000,0,0,1,0,0,0,0,0,1,0,000,4,0,1
214,214,0,0,0,2020,7e1,7c3,0,0,68,00,000,0,0,1,0,0,0,0,0,1,0,000,4,0,1
215,215,0,0,0,2019,7e1,7c3,0,0,68,00,000,0,0,1,0,0,0,0,0,1,0,000,4,0,1
216,216,0,0,0,2018,7e1,7c3,0,0,68,00,000,0,0,1,0,0,0,0,0,1,0,000,4,0,1
217,217,0,0,0,2017,7e1,7c3,0,0,68,00,000,0,0,1,0,0,0,0,0,1,0,000,4,0,1
218,218,0,0,0,2016,7e2,7c3,0,0,68,00,000,0,0,1,0,0,0,0,0,1,0,000,4,0,1
219,219,0,0,0,2015,7e1,7c3,0,0,68,00,000,0,0,1,0,0,0,0,0,1,0,000,4,0,1
220,220,0,0,0,2014,7e2,7c3,0,0,68,00,000,0,0,1,0,0,0,0,0,1,0,000,4,0,1
221,221,0,0,0,2014,7e2,7c3,0,0,68,00,000,0,0,1,0,0,0,0,0,1,0,000,4,0,1
222,222,0,0,0,2013,7e2,7c3,0,0,68,00,000,0,0,1,0,0,0,0,0,1,0,000,4,0,1
223,223,0,0,0,2013,7e2,7c3,0,0,68,00,000,0,0,1,0,0,0,0,0,1,0,000,4,0,1
224,224,0,0,0,2018,7e2,7c3,0,0,68,00,000,0,0,1,0,0,0,0,0,1,0,000,4,0,1
225,225,0,0,0,2012,7e2,7c3,0,0,68,00,000,0,0,1,0,0,0,0,0,1,0,000,4,0,1
226,226,0,0,0,2016,7e1,7c3,0,0,68,00,000,0,0,1,0,0,0,0,0,1,0,000,4,0,1
227,227,0,0,0,2016,7e2,7c3,0,0,68,00,000,0,0,1,0,0,0,0,0,1,0,000,4,0,1
228,228,0,0,0,2015,7e2,7c3,0,0,68,00,000,0,0,1,0,0,0,0,0,1,0,000,4,0,1
229,229,0,0,0,2017,7e4,7c3,0,0,68,00,000,0,0,1,0,0,0,0,0,1,0,000,4,0,1
230,230,0,0,0,2017,7e3,7c3,0,0,68,00,000,0,0,1,0,0,0,0,0,1,0,000,4,0,1
231,231,0,0,0,2016,7e2,7c3,0,0,68,00,000,0,0,1,0,0,0,0,0,1,0,000,4,0,1
232,232,0,0,0,2016,7e1,7c3,0,0,68,00,000,0,0,1,0,0,0,0,0,1,0,000,4,0,1
233,233,0,0,0,2014,7e0,7c3,0,0,68,00,000,0,0,1,0,0,0,0,0,1,0,000,4,0,1
234,234,0,0,0,2017,7df,7c3,0,0,68,00,000,0,0,1,0,0,0,0,0,1,0,000,4,0,1
235,235,0,0,0,2017,7de,7c3,0,0,68,00,000,0,0,1,0,0,0,0,0,1,0,000,4,0,1
236,236,0,0,0,2017,7de,7c3,0,0,68,00,000,0,0,1,0,0,0,0,0,1,0,000,4,0,1
237,237,0,0,0,2016,7dd,7c3,0,0,68,00,000,0,0,1,0,0,0,0,0,1,0,000,4,0,1
238,238,0,0,0,2017,7dd,7c3,0,0,68,00,000,0,0,1,0,0,0,0,0,1,0,000,4,0,1
239,239,0,0,0,2016,7e2,7c3,0,0,68,00,000,0,0,1,0,0,0,0,0,1,0,000,4,0,1
240,240,0,0,0,2017,7dc,7c3,0,0,68,00,000,0,0,1,0,0,0,0,0,1,0,000,4,0,1
241,241,0,0,0,2016,7e0,7c3,0,0,68,00,000,0,0,1,0,0,0,0,0,1,0,000,4,0,1
242,242,0,0,0,2017,7e0,7c3,0,0,68,00,000,0,0,1,0,0,0,0,0,1,0,000,4,0,1
243,243,0,0,0,2016,7df,7c3,0,0,68,00,000,0,0,1,0,0,0,0,0,1,0,000,4,0,1
244,244,0,0,0,2018,7e1,7c3,0,0,68,00,000,0,0,1,0,0,0,0,0,1,0,000,4,0,1
245,245,0,0,0,2017,7e1,7c3,0,0,68,00,000,0,0,1,0,0,0,0,0,1,0,000,4,0,1
246,246,0,0,0,2017,7e0,7c3,0,0,68,00,000,0,0,1,0,0,0,0,0,1,0,000,4,0,1
247,247,0,0,0,2017,7e0,7c3,0,0,68,00,000,0,0,1,0,0,0,0,0,1,0,000,4,0,1
248,248,0,0,0,2017,7de,7c3,0,0,68,00,000,0,0,1,0,0,0,0,0,1,0,000,4,0,1
249,249,0,0,0,2017,7e1,7c3,0,0,68,00,000,0,0,1,0,0,0,0,0,1,0,000,4,0,1
250,250,0,0,0,2017,7e1,7c3,0,0,68,00,000,0,0,1,0,0,0,0,0,1,0,000,4,0,1
251,251,0,0,0,2017,7e1,7c3,0,0,68,00,000,0,0,1,0,0,0,0,0,1,0,000,4,0,1
252,252,0,0,0,2017,7e0,7c3,0,0,68,00,000,0,0,1,0,0,0,0,0,1,0,000,4,0,1
253,253,0,0,0,2017,7e1,7c3,0,0,68,00,000,0,0,1,0,0,0,0,0,1,0,000,4,0,1
254,254,0,0,0,2018,7e0,7c3,0,0,68,00,000,0,0,1,0,0,0,0,0,1,0,000,4,0,1
255,255,0,0,0,2018,7e1,7c3,0,0,68,00,000,0,0,1,0,0,0,0,0,1,0,000,4,0,1
256,256,0,0,0,2017,7e0,7c3,0,0,68,00,000,0,0,1,0,0,0,0,0,1,0,000,4,0,1
257,257,0,0,0,2016,7e1,7c3,0,0,68,00,000,0,0,1,0,0,0,0,0,1,0,000,4,0,1
258,258,0,0,0,2016,7e0,7c3,0,0,68,00,000,0,0,1,0,0,0,0,0,1,0,000,4,0,1
259,259,0,0,0,2016,7e2,7c3,0,0,68,00,000,0,0,1,0,0,0,0,0,1,0,000,4,0,1
260,260,0,0,0,2015,7e1,7c3,0,0,68,00,000,0,0,1,0,0,0,0,0,1,0,000,4,0,1
261,261,0,0,0,2014,7e1,7c3,0,0,68,00,000,0,0,1,0,0,0,0,0,1,0,000,4,0,1
262,262,0,0,0,2013,7e1,7c3,0,0,68,00,000,0,0,1,0,0,0,0,0,1,0,000,4,0,1
263,263,0,0,0,2013,7e1,7c3,0,0,68,00,000,0,0,1,0,0,0,0,0,1,0,000,4,0,1
264,264,0,0,0,2013,7e1,7c3,0,0,68,00,000,0,0,1,0,0,0,0,0,1,0,000,4,0,1
265,265,0,0,0,2015,7e1,7c3,0,0,68,00,000,0,0,1,0,0,0,0,0,1,0,000,4,0,1
266,266,0,0,0,2013,7e1,7c3,0,0,68,00,000,0,0,1,0,0,0,0,0,1,0,000,4,0,1
267,267,0,0,0,2017,7e1,7c3,0,0,68,00,000,0,0,1,0,0,0,0,0,1,0,000,4,0,1
268,268,0,0,0,2015,7e1,7c3,0,0,68,00,000,0,0,1,0,0,0,0,0,1,0,000,4,0,1
269,269,0,0,0,2016,7e2,7c3,0,0,68,00,000,0,0,1,0,0,0,0,0,1,0,000,4,0,1
270,270,0,0,0,2017,7e2,7c3,0,0,68,00,000,0,0,1,0,0,0,0,0,1,0,000,4,0,1
271,271,0,0,0,2016,7e1,7c3,0,0,68,00,000,0,0,1,0,0,0,0,0,1,0,000,4,0,1
272,272,0,0,0,2016,7e0,7c3,0,0,68,00,000,0,0,1,0,0,0,0,0,1,0,000,4,0,1
273,273,0,0,0,2016,7e0,7c3,0,0,68,00,000,0,0,1,0,0,0,0,0,1,0,000,4,0,1
274,274,0,0,0,2017,7e0,7c3,0,0,68,00,000,0,0,1,0,0,0,0,0,1,0,000,4,0,1
275,275,0,0,0,2016,7df,7c3,0,0,68,00,000,0,0,1,0,0,0,0,0,1,0,000,4,0,1
276,276,0,0,0,2017,7de,7c3,0,0,68,00,000,0,0,1,0,0,0,0,0,1,0,000,4,0,1
277,277,0,0,0,2017,7dd,7c3,0,0,68,00,000,0,0,1,0,0,0,0,0,1,0,000,4,0,1
278,278,0,0,0,2016,7dd,7c3,0,0,68,00,000,0,0,1,0,0,0,0,0,1,0,000,4,0,1
279,279,0,0,0,2017,7dd,7c3,0,0,68,00,000,0,0,1,0,0,0,0,0,1,0,000,4,0,1
280,280,0,0,0,2017,7df,7c3,0,0,68,00,000,0,0,1,0,0,0,0,0,1,0,000,4,0,1
281,281,0,0,0,2016,7dd,7c3,0,0,68,00,000,0,0,1,0,0,0,0,0,1,0,000,4,0,1
282,282,0,0,0,2017,7e1,7c3,0,0,68,00,000,0,0,1,0,0,0,0,0,1,0,000,4,0,1
283,283,0,0,0,2016,7df,7c3,0,0,68,00,000,0,0,1,0,0,0,0,0,1,0,000,4,0,1
284,284,0,0,0,2018,7e0,7c3,0,0,68,00,000,0,0,1,0,0,0,0,0,1,0,000,4,0,1
285,285,0,0,0,2016,7e1,7c3,0,0,68,00,000,0,0,1,0,0,0,0,0,1,0,000,4,0,1
286,286,0,0,0,2018,7e0,7c3,0,0,68,00,000,0,0,1,0,0,0,0,0,1,0,000,4,0,1
287,287,0,0,0,2018,7e0,7c3,0,0,68,00,000,0,0,1,0,0,0,0,0,1,0,000,4,0,1
288,288,0,0,0,2017,7e0,7c3,0,0,68,00,000,0,0,1,0,0,0,0,0,1,0,000,4,0,1
289,289,0,0,0,2017,7e1,7c3,0,0,68,00,000,0,0,1,0,0,0,0,0,1,0,000,4,0,1
290,290,0,0,0,2018,7e0,7c3,0,0,68,00,000,0,0,1,0,0,0,0,0,1,0,000,4,0,1
291,291,0,0,0,2018,7e1,7c3,0,0,68,00,000,0,0,1,0,0,0,0,0,1,0,000,4,0,1
292,292,0,0,0,2017,7e1,7c3,0,0,68,00,000,0,0,1,0,0,0,0,0,1,0,000,4,0,1
293,293,0,0,0,2018,7e0,7c3,0,0,68,00,000,0,0,1,0,0,0,0,0,1,0,000,4,0,1
294,294,0,0,0,2018,7e1,7c3,0,0,68,00,000,0,0,1,0,0,0,0,0,1,0,000,4,0,1
295,295,0,0,0,2018,7e1,7c3,0,0,68,00,000,0,0,1,0,0,0,0,0,1,0,000,4,0,1
296,296,0,0,0,2018,7e0,7c3,0,0,68,00,000,0,0,1,0,0,0,0,0,1,0,000,4,0,1
297,297,0,0,0,2018,7e1,7c3,0,0,68,00,000,0,0,1,0,0,0,0,0,1,0,000,4,0,1
298,298,0,0,0,2017,7e0,7c3,0,0,68,00,000,0,0,1,0,0,0,0,0,1,0,000,4,0,1
299,299,0,0,0,2016,7e2,7c3,0,0,68,00,000,0,0,1,0,0,0,0,0,1,0,000,4,0,1
300,300,0,0,0,2015,7e0,7c3,0,0,68,00,000,0,0,1,0,0,0,0,0,1,0,000,4,0,1
301,301,0,0,0,2014,7e2,7c3,0,0,68,00,000,0,0,1,0,0,0,0,0,1,0,000,4,0,1
302,302,0,0,0,2014,7e2,7c3,0,0,68,00,000,0,0,1,0,0,0,0,0,1,0,000,4,0,1
303,303,0,0,0,2013,7e1,7c3,0,0,68,00,000,0,0,1,0,0,0,0,0,1,0,000,4,0,1
304,304,0,0,0,2014,7e1,7c3,0,0,68,00,000,0,0,1,0,0,0,0,0,1,0,000,4,0,1
305,305,0,0,0,2018,7e2,7c3,0,0,68,00,000,0,0,1,0,0,0,0,0,1,0,000,4,0,1
306,306,0,0,0,2015,7e2,7c3,0,0,68,00,000,0,0,1,0,0,0,0,0,1,0,000,4,0,1
307,307,0,0,0,2015,7e1,7c3,0,0,68,00,000,0,0,1,0,0,0,0,0,1,0,000,4,0,1
308,308,0,0,0,2015,7e2,7c3,0,0,68,00,000,0,0,1,0,0,0,0,0,1,0,000,4,0,1
309,309,0,0,0,2016,7e2,7c3,0,0,68,00,000,0,0,1,0,0,0,0,0,1,0,000,4,0,1
310,310,0,0,0,2016,7e2,7c3,0,0,68,00,000,0,0,1,0,0,0,0,0,1,0,000,4,0,1
311,311,0,0,0,2016,7e2,7c3,0,0,68,00,000,0,0,1,0,0,0,0,0,1,0,000,4,0,1
312,312,0,0,0,2016,7e2,7c3,0,0,68,00,000,0,0,1,0,0,0,0,0,1,0,000,4,0,1
313,313,0,0,0,2017,7e1,7c3,0,0,68,00,000,0,0,1,0,0,0,0,0,1,0,000,4,0,1
314,314,0,0,0,2016,7e0,7c3,0,0,68,00,000,0,0,1,0,0,0,0,0,1,0,000,4,0,1
315,315,0,0,0,2016,7df,7c3,0,0,68,00,000,0,0,1,0,0,0,0,0,1,0,000,4,0,1
316,316,0,0,0,2017,7de,7c3,0,0,68,00,000,0,0,1,0,0,0,0,0,1,0,000,4,0,1
317,317,0,0,0,2017,7de,7c3,0,0,68,00,000,0,0,1,0,0,0,0,0,1,0,000,4,0,1
318,318,0,0,0,2017,7dd,7c3,0,0,68,00,000,0,0,1,0,0,0,0,0,1,0,000,4,0,1
319,319,0,0,0,2015,7de,7c3,0,0,68,00,000,0,0,1,0,0,0,0,0,1,0,000,4,0,1
320,320,0,0,0,2017,7e2,7c3,0,0,68,00,000,0,0,1,0,0,0,0,0,1,0,000,4,0,1
321,321,0,0,0,2017,7df,7c3,0,0,68,00,000,0,0,1,0,0,0,0,0,1,0,000,4,0,1
322,322,0,0,0,2016,7df,7c3,0,0,68,00,000,0,0,1,0,0,0,0,0,1,0,000,4,0,1
323,323,0,0,0,2016,7df,7c3,0,0,68,00,000,0,0,1,0,0,0,0,0,1,0,000,4,0,1
324,324,0,0,0,2017,7e0,7c3,0,0,68,00,000,0,0,1,0,0,0,0,0,1,0,000,4,0,1
325,325,0,0,0,2016,7e0,7c3,0,0,68,00,000,0,0,1,0,0,0,0,0,1,0,000,4,0,1
326,326,0,0,0,2017,7e0,7c3,0,0,68,00,000,0,0,1,0,0,0,0,0,1,0,000,4,0,1
327,327,0,0,0,2017,7e0,7c3,0,0,68,00,000,0,0,1,0,0,0,0,0,1,0,000,4,0,1
328,328,0,0,0,2015,7e1,7c3,0,0,68,00,000,0,0,1,0,0,0,0,0,1,0,000,4,0,1
329,329,0,0,0,2016,7e0,7c3,0,0,68,00,000,0,0,1,0,0,0,0,0,1,0,000,4,0,1
330,330,0,0,0,2017,7e0,7c3,0,0,68,00,000,0,0,1,0,0,0,0,0,1,0,000,4,0,1
331,331,0,0,0,2016,7e1,7c3,0,0,68,00,000,0,0,1,0,0,0,0,0,1,0,000,4,0,1
332,332,0,0,0,2017,7e1,7c3,0,0,68,00,000,0,0,1,0,0,0,0,0,1,0,000,4,0,1
333,333,0,0,0,2016,7e1,7c3,0,0,68,00,000,0,0,1,0,0,0,0,0,1,0,000,4,0,1
334,334,0,0,0,2018,7df,7c3,0,0,68,00,000,0,0,1,0,0,0,0,0,1,0,000,4,0,1
335,335,0,0,0,2016,7e1,7c3,0,0,68,00,000,0,0,1,0,0,0,0,0,1,0,000,4,0,1
336,336,0,0,0,2017,7e1,7c3,0,0,68,00,000,0,0,1,0,0,0,0,0,1,0,000,4,0,1
337,337,0,0,0,2017,7e0,7c3,0,0,68,00,000,0,0,1,0,0,0,0,0,1,0,000,4,0,1
338,338,0,0,0,2016,7e0,7c3,0,0,68,00,000,0,0,1,0,0,0,0,0,1,0,000,4,0,1
339,339,0,0,0,2017,7e1,7c3,0,0,68,00,000,0,0,1,0,0,0,0,0,1,0,000,4,0,1
340,340,0,0,0,2014,7e0,7c3,0,0,68,00,000,0,0,1,0,0,0,0,0,1,0,000,4,0,1
341,341,0,0,0,2015,7e1,7c3,0,0,68,00,000,0,0,1,0,0,0,0,0,1,0,000,4,0,1
342,342,0,0,0,2013,7e1,7c3,0,0,68,00,000,0,0,1,0,0,0,0,0,1,0,000,4,0,1
343,343,0,0,0,2013,7df,7c3,0,0,68,00,000,0,0,1,0,0,0,0,0,1,0,000,4,0,1
344,344,0,0,0,2012,7e0,7c3,0,0,68,00,000,0,0,1,0,0,0,0,0,1,0,000,4,0,1
345,345,0,0,0,2011,7e1,7c3,0,0,68,00,000,0,0,1,0,0,0,0,0,1,0,000,4,0,1
346,346,0,0,0,2017,7e0,7c3,0,0,68,00,000,0,0,1,0,0,0,0,0,1,0,000,4,0,1
347,347,0,0,0,2013,7e1,7c3,0,0,68,00,000,0,0,1,0,0,0,0,0,1,0,000,4,0,1
348,348,0,0,0,2015,7e0,7c3,0,0,68,00,000,0,0,1,0,0,0,0,0,1,0,000,4,0,1
349,349,0,0,0,2015,7e2,7c3,0,0,68,00,000,0,0,1,0,0,0,0,0,1,0,000,4,0,1
350,350,0,0,0,2015,7e0,7c3,0,0,68,00,000,0,0,1,0,0,0,0,0,1,0,000,4,0,1
351,351,0,0,0,2016,7e1,7c3,0,0,68,00,000,0,0,1,0,0,0,0,0,1,0,000,4,0,1
352,352,0,0,0,2014,7e1,7c3,0,0,68,00,000,0,0,1,0,0,0,0,0,1,0,000,4,0,1
353,353,0,0,0,2015,7e0,7c3,0,0,68,00,000,0,0,1,0,0,0,0,0,1,0,000,4,0,1
354,354,0,0,0,2015,7e1,7c3,0,0,68,00,000,0,0,1,0,0,0,0,0,1,0,000,4,0,1
355,355,0,0,0,2015,7de,7c3,0,0,68,00,000,0,0,1,0,0,0,0,0,1,0,000,4,0,1
356,356,0,0,0,2005,7df,7c3,0,0,68,00,000,0,0,1,0,0,0,0,0,1,0,000,4,0,1
357,357,0,0,0,1947,7dd,7c3,0,0,68,00,000,0,0,1,0,0,0,0,0,1,0,000,4,0,1
358,358,0,0,0,1819,7dd,7c3,0,0,68,00,000,0,0,1,0,0,0,0,0,1,0,000,4,0,1
359,359,0,0,0,1752,7dc,7c3,0,0,68,00,000,0,0,1,0,0,0,0,0,1,0,000,4,0,1
360,360,0,0,0,1647,7db,7c3,0,0,68,00,000,0,0,1,0,0,0,0,0,1,0,000,4,0,1
361,361,0,0,0,1551,7e1,7c3,0,0,68,00,000,0,0,1,0,0,0,0,0,1,0,000,4,0,1
362,362,0,0,0,1489,7dd,7c3,0,0,68,00,000,0,0,1,0,0,0,0,0,1,0,000,4,0,1
363,363,0,0,0,1398,7df,7c3,0,0,68,00,000,0,0,1,0,0,0,0,0,1,0,000,4,0,1
364,364,0,0,0,1341,7df,7c3,0,0,68,00,000,0,0,1,0,0,0,0,0,1,0,000,4,0,1
365,365,0,0,0,1300,7df,7c3,0,0,68,00,000,0,0,1,0,0,0,0,0,1,0,000,4,0,1
366,366,0,0,0,1231,7e0,7c3,0,0,68,00,000,0,0,1,0,0,0,0,0,1,0,000,4,0,1
367,367,0,0,0,1211,7de,7c3,0,0,68,00,000,0,0,1,0,0,0,0,0,1,0,000,4,0,1
368,368,0,0,0,1177,7df,7c3,0,0,68,00,000,1,1,1,0,0,0,0,0,1,0,000,4,0,1
369,369,0,0,0,1137,7df,7c3,0,0,69,00,000,1,1,1,0,0,0,0,0,1,0,000,4,0,1
370,370,0,0,0,1136,7df,7c3,0,0,70,00,000,1,1,1,0,0,0,0,0,1,0,000,4,0,1
371,371,0,0,0,1108,7d5,7c3,0,0,71,00,000,1,1,1,0,0,0,0,0,1,0,000,4,0,1
372,372,0,0,0,1100,79b,7c3,0,0,72,00,000,1,1,1,0,0,0,0,0,1,0,000,4,0,1
373,373,0,0,0,1096,71b,7c3,0,0,73,00,000,1,1,1,0,0,0,0,0,1,0,000,4,0,1
374,374,0,0,0,1083,6d8,7c3,0,0,74,00,000,1,1,1,0,0,0,0,0,1,0,000,4,0,1
375,375,0,0,0,1091,66f,7c3,0,0,75,00,000,1,1,1,0,0,0,0,0,1,0,000,4,0,1
376,376,0,0,0,1088,60f,7c3,0,0,76,00,000,1,1,1,0,0,0,0,0,1,0,000,4,0,1
377,377,0,0,0,1092,5d1,7c3,0,0,77,00,000,1,1,1,0,0,0,0,0,1,0,000,4,0,1
378,378,0,0,0,1102,576,7c3,0,0,78,00,000,1,1,1,0,0,0,0,0,1,0,000,4,0,1
379,379,0,0,0,1105,53d,7c3,0,0,79,00,000,1,1,1,0,0,0,0,0,1,0,000,4,0,1
380,380,0,0,0,1116,514,7c3,0,0,80,00,000,1,1,1,0,0,0,0,0,1,0,000,4,0,1
381,381,0,0,0,1127,4cf,7c3,0,0,81,00,000,1,1,1,0,0,0,0,0,1,0,000,4,0,1
382,382,0,0,0,1138,4bb,7c3,0,0,82,00,000,1,1,1,0,0,0,0,0,1,0,000,4,0,1
383,383,0,0,0,1154,499,7c3,0,0,83,00,000,1,1,1,0,0,0,0,0,1,0,000,4,0,1
384,384,0,0,0,1167,471,7c3,0,0,84,00,000,1,1,1,0,0,0,0,0,1,0,000,4,0,1
385,385,0,0,0,1183,470,7c3,0,0,85,00,000,1,1,1,0,0,0,0,0,1,0,000,4,0,1
386,386,0,0,0,1204,454,7c3,0,0,86,00,000,1,1,1,0,0,0,0,0,1,0,000,4,0,1
387,387,0,0,0,1220,44c,7c3,0,0,87,00,000,1,1,1,0,0,0,0,0,1,0,000,4,0,1
388,388,0,0,0,1236,448,7c3,0,0,88,00,000,1,1,1,0,0,0,0,0,1,0,000,4,0,1
389,389,0,0,0,1258,43b,7c3,0,0,89,00,000,1,1,1,0,0,0,0,0,1,0,000,4,0,1
390,390,0,0,0,1274,443,7c3,0,0,90,00,000,1,1,1,0,0,0,0,0,1,0,000,4,0,1
391,391,0,0,0,1294,440,7c3,0,0,91,00,000,1,1,1,0,0,0,0,0,1,0,000,4,0,1
392,392,0,0,0,1312,444,7c3,0,0,92,00,000,1,1,1,0,0,0,0,0,1,0,000,4,0,1
393,393,0,0,0,1330,44e,7c3,0,0,93,00,000,1,1,1,0,0,0,0,0,1,0,000,4,0,1
394,394,0,0,0,1348,451,7c3,0,0,94,00,000,1,1,1,0,0,0,0,0,1,0,000,4,0,1
395,395,0,0,0,1367,45c,7c3,0,0,95,00,000,1,1,1,0,0,0,0,0,1,0,000,4,0,1
396,396,0,0,0,1383,467,7c3,0,0,96,00,000,1,1,1,0,0,0,0,0,1,0,000,4,0,1
397,397,0,0,0,1402,472,7c3,0,0,97,00,000,1,1,1,0,0,0,0,0,1,0,000,4,0,1
398,398,0,0,0,1421,482,7c3,0,0,98,00,000,1,1,1,0,0,0,0,0,1,0,000,4,0,1
399,399,0,0,0,1436,48f,7c3,0,0,99,00,000,1,1,1,0,0,0,0,0,1,0,000,4,0,1
400,400,0,0,0,1456,49f,7c3,0,0,100,00,000,1,1,1,0,0,0,0,0,1,0,000,4,0,1
401,401,0,0,0,1472,4b4,7c3,0,0,101,00,000,1,1,1,0,0,0,0,0,1,0,000,4,0,1
402,402,0,0,0,1487,4c4,7c3,0,0,102,00,000,1,1,1,0,0,0,0,0,1,0,000,4,0,1
403,403,0,0,0,1504,4d4,7c3,0,0,103,00,000,1,1,1,0,0,0,0,0,1,0,000,4,0,1
404,404,0,0,0,1518,4ea,7c3,0,0,104,00,000,1,1,1,0,0,0,0,0,1,0,000,4,0,1
405,405,0,0,0,1537,4fa,7c3,0,0,105,00,000,1,1,1,0,0,0,0,0,1,0,000,4,0,1
406,406,0,0,0,1549,50e,7c3,0,0,106,00,000,1,1,1,0,0,0,0,0,1,0,000,4,0,1
407,407,0,0,0,1568,520,7c3,0,0,107,00,000,1,1,1,0,0,0,0,0,1,0,000,4,0,1
408,408,0,0,0,1580,532,7c3,0,0,108,00,000,1,1,1,0,0,0,0,0,1,0,000,4,0,1
409,409,0,0,0,1593,544,7c3,0,0,109,00,000,1,1,1,0,0,0,0,0,1,0,000,4,0,1
410,410,0,0,0,1609,557,7c3,0,0,110,00,000,1,1,1,0,0,0,0,0,1,0,000,4,0,1
411,411,0,0,0,1619,567,7c3,0,0,111,00,000,1,1,1,0,0,0,0,0,1,0,000,4,0,1
412,412,0,0,0,1633,57a,7c3,0,0,112,00,000,1,1,1,0,0,0,0,0,1,0,000,4,0,1
413,413,0,0,0,1644,58d,7c3,0,0,113,00,000,1,1,1,0,0,0,0,0,1,0,000,4,0,1
414,414,0,0,0,1656,59c,7c3,0,0,114,00,000,1,1,1,0,0,0,0,0,1,0,000,4,0,1
415,415,0,0,0,1669,5b0,7c3,0,0,115,00,000,1,1,1,0,0,0,0,0,1,0,000,4,0,1
416,416,0,0,0,1677,5c0,7c3,0,0,116,00,000,1,1,1,0,0,0,0,0,1,0,000,4,0,1
417,417,0,0,0,1687,5cf,7c3,0,0,117,00,000,1,1,1,0,0,0,0,0,1,0,000,4,0,1
418,418,0,0,0,1699,5e0,7c3,0,0,118,00,000,1,1,1,0,0,0,0,0,1,0,000,4,0,1
419,419,0,0,0,1707,5ee,7c3,0,0,119,00,000,1,1,1,0,0,0,0,0,1,0,000,4,0,1
420,420,0,0,0,1718,601,7c3,0,0,120,00,000,1,1,1,0,0,0,0,0,1,0,000,4,0,1
421,421,0,0,0,1724,60d,7c3,0,0,121,00,000,1,1,1,0,0,0,0,0,1,0,000,4,0,1
422,422,0,0,0,1733,620,7c3,0,0,122,00,000,1,1,1,0,0,0,0,0,1,0,000,4,0,1
423,423,0,0,0,1742,62c,7c3,0,0,123,00,000,1,1,1,0,0,0,0,0,1,0,000,4,0,1
424,424,0,0,0,1748,639,7c3,0,0,124,00,000,1,1,1,0,0,0,0,0,1,0,000,4,0,1
425,425,0,0,0,1758,649,7c3,0,0,125,00,000,1,1,1,0,0,0,0,0,1,0,000,4,0,1
426,426,0,0,0,1765,653,7c3,0,0,126,00,000,1,1,1,0,0,0,0,0,1,0,000,4,0,1
427,427,0,0,0,1779,661,7c3,0,0,127,00,000,1,1,1,0,0,0,0,0,1,0,000,4,0,1
428,428,0,0,0,1784,66c,7c3,0,0,128,00,000,1,1,1,0,0,0,0,0,1,0,000,4,0,1
429,429,0,0,0,1793,678,7c3,0,0,129,00,000,1,1,1,0,0,0,0,0,1,0,000,4,0,1
430,430,0,0,0,1802,685,7c3,0,0,130,00,000,1,1,1,0,0,0,0,0,1,0,000,4,0,1
431,431,0,0,0,1806,68d,7c3,0,0,131,00,000,1,1,1,0,0,0,0,0,1,0,000,4,0,1
432,432,0,0,0,1816,697,7c3,0,0,132,00,000,1,1,1,0,0,0,0,0,1,0,000,4,0,1
433,433,0,0,0,1820,6a3,7c3,0,0,133,00,000,1,1,1,0,0,0,0,0,1,0,000,4,0,1
434,434,0,0,0,1827,6ab,7c3,0,0,134,00,000,1,1,1,0,0,0,0,0,1,0,000,4,0,1
435,435,0,0,0,1834,6b6,7c3,0,0,135,00,000,1,1,1,0,0,0,0,0,1,0,000,4,0,1
436,436,0,0,0,1839,6bc,7c3,0,0,136,00,000,1,1,1,0,0,0,0,0,1,0,000,4,0,1
437,437,0,0,0,1846,6c5,7c3,0,0,137,00,000,1,1,1,0,0,0,0,0,1,0,000,4,0,1
438,438,0,0,0,1850,6ce,7c3,0,0,138,00,000,1,1,1,0,0,0,0,0,1,0,000,4,0,1
439,439,0,0,0,1856,6d4,7c3,0,0,139,00,000,1,1,1,0,0,0,0,0,1,0,000,4,0,1
440,440,0,0,0,1861,6de,7c3,0,0,140,00,000,1,1,1,0,0,0,0,0,1,0,000,4,0,1
441,441,0,0,0,1867,6e5,7c3,0,0,141,00,000,1,1,1,0,0,0,0,0,1,0,000,4,0,1
442,442,0,0,0,1873,6f3,7c3,0,0,142,00,000,1,1,1,0,0,0,0,0,1,0,000,4,0,1
443,443,0,0,0,1876,6f8,7c3,0,0,143,00,000,1,1,1,0,0,0,0,0,1,0,000,4,0,1
444,444,0,0,0,1882,701,7c3,0,0,144,00,000,1,1,1,0,0,0,0,0,1,0,000,4,0,1
445,445,0,0,0,1886,70a,7c3,0,0,145,00,000,1,1,1,0,0,0,0,0,1,0,000,4,0,1
446,446,0,0,0,1891,70e,7c3,0,0,146,00,000,1,1,1,0,0,0,0,0,1,0,000,4,0,1
447,447,0,0,0,1894,718,7c3,0,0,147,00,000,1,1,1,0,0,0,0,0,1,0,000,4,0,1
448,448,0,0,0,1899,71c,7c3,0,0,148,00,000,1,1,1,0,0,0,0,0,1,0,000,4,0,1
449,449,0,0,0,1902,723,7c3,0,0,149,00,000,1,1,1,0,0,0,0,0,1,0,000,4,0,1
450,450,0,0,0,1907,72a,7c3,0,0,150,00,000,1,1,1,0,0,0,0,0,1,0,000,4,0,1
451,451,0,0,0,1911,72f,7c3,0,0,151,00,000,1,1,1,0,0,0,0,0,1,0,000,4,0,1
452,452,0,0,0,1915,736,7c3,0,0,152,00,000,1,1,1,0,0,0,0,0,1,0,000,4,0,1
453,453,0,0,0,1918,73a,7c3,0,0,153,00,000,1,1,1,0,0,0,0,0,1,0,000,4,0,1
454,454,0,0,0,1920,740,7c3,0,0,154,00,000,1,1,1,0,0,0,0,0,1,0,000,4,0,1
455,455,0,0,0,1924,745,7c3,0,0,155,00,000,1,1,1,0,0,0,0,0,1,0,000,4,0,1
456,456,0,0,0,1927,74b,7c3,0,0,156,00,000,1,1,1,0,0,0,0,0,1,0,000,4,0,1
457,457,0,0,0,1930,751,7c3,0,0,157,00,000,1,1,1,0,0,0,0,0,1,0,000,4,0,1
458,458,0,0,0,1932,754,7c3,0,0,158,00,000,1,1,1,0,0,0,0,0,1,0,000,4,0,1
459,459,0,0,0,1936,75a,7c3,0,0,159,00,000,1,1,1,0,0,0,0,0,1,0,000,4,0,1
460,460,0,0,0,1935,75e,7c3,0,0,160,00,000,1,1,1,0,0,0,0,0,1,0,000,4,0,1
461,461,0,0,0,1938,763,7c3,0,0,161,00,000,1,1,1,0,0,0,0,0,1,0,000,4,0,1
462,462,0,0,0,1938,766,7c3,0,0,162,00,000,1,1,1,0,0,0,0,0,1,0,000,4,0,1
463,463,0,0,0,1939,76b,7c3,0,0,163,00,000,1,1,1,0,0,0,0,0,1,0,000,4,0,1
464,464,0,0,0,1941,76e,7c3,0,0,164,00,000,1,1,1,0,0,0,0,0,1,0,000,4,0,1
465,465,0,0,0,1943,773,7c3,0,0,165,00,000,1,1,1,0,0,0,0,0,1,0,000,4,0,1
466,466,0,0,0,1945,777,7c3,0,0,166,00,000,1,1,1,0,0,0,0,0,1,0,000,4,0,1
467,467,0,0,0,1951,77b,7c3,0,0,167,00,000,1,1,1,0,0,0,0,0,1,0,000,4,0,1
468,468,0,0,0,1955,77e,7c3,0,0,168,00,000,1,1,1,0,0,0,0,0,1,0,000,4,0,1
469,469,0,0,0,1954,780,7c3,0,0,169,00,000,1,1,1,0,0,0,0,0,1,0,000,4,0,1
470,470,0,0,0,1959,784,7c3,0,0,170,00,000,1,1,1,0,0,0,0,0,1,0,000,4,0,1
471,471,0,0,0,1959,787,7c3,0,0,171,00,000,1,1,1,0,0,0,0,0,1,0,000,4,0,1
472,472,0,0,0,1961,78a,7c3,0,0,172,00,000,1,1,1,0,0,0,0,0,1,0,000,4,0,1
473,473,0,0,0,1964,78c,7c3,0,0,173,00,000,1,1,1,0,0,0,0,0,1,0,000,4,0,1
474,474,0,0,0,1965,790,7c3,0,0,174,00,000,1,1,1,0,0,0,0,0,1,0,000,4,0,1
475,475,0,0,0,1966,78f,7c3,0,0,175,00,000,1,1,1,0,0,0,0,0,1,0,000,4,0,1
476,476,0,0,0,1968,792,7c3,0,0,176,00,000,1,1,1,0,0,0,0,0,1,0,000,4,0,1
477,477,0,0,0,1968,792,7c3,0,0,177,00,000,1,1,1,0,0,0,0,0,1,0,000,4,0,1
478,478,0,0,0,1971,793,7c3,0,0,178,00,000,1,1,1,0,0,0,0,0,1,0,000,4,0,1
479,479,0,0,0,1972,795,7c3,0,0,179,00,000,1,1,1,0,0,0,0,0,1,0,000,4,0,1
480,480,0,0,0,1973,797,7c3,0,0,180,00,000,1,1,1,0,0,0,0,0,1,0,000,4,0,1
481,481,0,0,0,1973,799,7c3,0,0,181,00,000,1,1,1,0,0,0,0,0,1,0,000,4,0,1
482,482,0,0,0,1975,79f,7c3,0,0,182,00,000,1,1,1,0,0,0,0,0,1,0,000,4,0,1
483,483,0,0,0,1977,7a3,7c3,0,0,183,00,000,1,1,1,0,0,0,0,0,1,0,000,4,0,1
484,484,0,0,0,1979,7a2,7c3,0,0,184,00,000,1,1,1,0,0,0,0,0,1,0,000,4,0,1
485,485,0,0,0,1979,7a7,7c3,0,0,185,00,000,1,1,1,0,0,0,0,0,1,0,000,4,0,1
486,486,0,0,0,1981,7a7,7c3,0,0,186,00,000,1,1,1,0,0,0,0,0,1,0,000,4,0,1
487,487,0,0,0,1981,7a9,7c3,0,0,187,00,000,1,1,1,0,0,0,0,0,1,0,000,4,0,1
488,488,0,0,0,1982,7ac,7c3,0,0,188,00,000,1,1,1,0,0,0,0,0,1,0,000,4,0,1
489,489,0,0,0,1983,7ad,7c3,0,0,189,00,000,1,1,1,0,0,0,0,0,1,0,000,4,0,1
490,490,0,0,0,1983,7ae,7c3,0,0,190,00,000,1,1,1,0,0,0,0,0,1,0,000,4,0,1
491,491,0,0,0,1986,7b0,7c3,0,0,191,00,000,1,1,1,0,0,0,0,0,1,0,000,4,0,1
492,492,0,0,0,1986,7b0,7c3,0,0,192,00,000,1,1,1,0,0,0,0,0,1,0,000,4,0,1
493,493,0,0,0,1987,7b3,7c3,0,0,193,00,000,1,1,1,0,0,0,0,0,1,0,000,4,0,1
494,494,0,0,0,1989,7b4,7c3,0,0,194,00,000,1,1,1,0,0,0,0,0,1,0,000,4,0,1
495,495,0,0,0,1990,7b5,7c3,0,0,195,00,000,1,1,1,0,0,0,0,0,1,0,000,4,0,1
496,496,0,0,0,1990,7b5,7c3,0,0,196,00,000,1,1,1,0,0,0,0,0,1,0,000,4,0,1
497,497,0,0,0,1991,7b7,7c3,0,0,197,00,000,1,1,1,0,0,0,0,0,1,0,000,4,0,1
498,498,0,0,0,1993,7b9,7c3,0,0,198,00,000,1,1,1,0,0,0,0,0,1,0,000,4,0,1
499,499,0,0,0,1993,7bb,7c3,0,0,199,00,000,1,1,1,0,0,0,0,0,1,0,000,4,0,1
500,500,0,0,0,1991,7bb,7c3,0,0,200,00,000,1,1,1,0,0,0,0,0,1,0,000,4,0,1
501,501,0,0,0,1993,7bd,7c3,0,0,201,00,000,1,1,1,0,0,0,0,0,1,0,000,4,0,1
502,502,0,0,0,1991,7bd,7c3,0,0,202,00,000,1,1,1,0,0,0,0,0,1,0,000,4,0,1
503,503,0,0,0,1991,7be,7c3,0,0,203,00,000,1,1,1,0,0,0,0,0,1,0,000,4,0,1
504,504,0,0,0,1992,7bf,7c3,0,0,204,00,000,1,1,1,0,0,0,0,0,1,0,000,4,0,1
505,505,0,0,0,1991,7bf,7c3,0,0,205,00,000,1,1,1,0,0,0,0,0,1,0,000,4,0,1
506,506,0,0,0,1991,7c2,7c3,0,0,206,00,000,1,1,1,0,0,0,0,0,1,0,000,4,0,1
507,507,0,0,0,1991,7c2,7c3,0,0,207,00,000,1,1,1,0,0,0,0,0,1,0,000,4,0,1
508,508,0,0,0,1996,7c3,7c3,0,0,208,00,000,1,1,1,0,0,0,0,0,1,0,000,4,0,1
509,509,0,0,0,1993,7c5,7c3,0,0,209,00,000,1,1,1,0,0,0,0,0,1,0,000,4,0,1
510,510,0,0,0,1996,7c6,7c3,0,0,210,00,000,1,1,1,0,0,0,0,0,1,0,000,4,0,1
511,511,0,0,0,1997,7c6,7c3,0,0,211,00,000,1,1,1,0,0,0,0,0,1,0,000,4,0,1
512,512,1,0,1,1997,7c7,7c3,0,0,212,00,000,0,0,1,0,0,0,0,0,1,0,000,4,0,1
513,513,0,1,2,1998,7c9,7c3,0,0,212,00,000,0,0,1,0,0,0,0,0,0,0,000,4,0,1
514,514,0,2,2,1999,7c9,7c3,0,0,212,d4,000,0,0,1,0,0,0,0,0,0,0,000,4,0,1
515,515,0,2,2,2000,7c7,7c3,7,0,212,d4,000,0,0,1,0,0,0,0,1,0,0,000,4,0,1
516,516,0,2,2,2000,7c9,7c3,c,0,212,d4,000,0,0,1,0,0,0,0,1,0,0,001,4,0,0
517,517,0,2,2,1999,7c7,7c3,3,1,212,d4,001,0,0,1,0,0,0,0,1,0,0,002,4,0,0
518,518,0,2,2,2001,7c7,7c3,7,0,211,d4,001,0,0,1,0,0,0,0,1,0,0,003,4,0,0
519,519,0,2,2,2001,7c8,7e1,c,0,211,d4,001,0,0,1,0,0,0,0,1,0,0,004,4,0,0
520,520,0,2,2,2001,7c7,7e1,1,1,211,d4,002,0,0,1,0,0,0,0,1,0,0,005,4,0,0
521,521,0,2,2,2003,7c7,7e1,7,0,210,d4,002,0,0,1,0,0,0,0,1,0,0,006,4,0,0
522,522,0,2,2,2002,7c7,7da,e,0,210,d4,002,0,0,1,0,0,0,0,1,0,0,007,4,0,0
523,523,0,2,2,2003,7cc,7da,a,1,210,d4,003,0,0,1,0,0,0,0,1,0,0,008,4,0,0
524,524,0,2,2,2003,7c9,7da,7,0,209,d4,003,0,0,1,0,0,0,0,1,0,0,009,4,0,0
525,525,0,2,2,2003,7cc,7b9,d,0,209,d4,003,0,0,1,0,0,0,0,1,0,0,00a,4,0,0
526,526,0,2,2,2004,7cd,7b9,9,1,209,d4,004,0,0,1,0,0,0,0,1,0,0,00b,4,0,0
527,527,0,2,2,2003,7cd,7b9,7,0,208,d4,004,0,0,1,0,0,0,0,1,0,0,00c,4,0,0
528,528,0,2,2,2004,7ce,75b,b,0,208,d4,004,0,0,1,0,0,0,0,1,0,0,00d,4,0,0
529,529,0,2,2,2004,7cf,75b,b,1,208,d4,005,0,0,1,0,0,0,0,1,0,0,00e,4,0,0
530,530,0,2,2,2004,7d0,75b,7,0,207,d4,005,0,0,1,0,0,0,0,1,0,0,00f,4,0,0
531,531,0,2,2,2003,7d0,71a,5,0,207,d4,005,0,0,1,0,0,0,0,1,0,0,010,4,0,0
532,532,0,2,2,2002,7cf,71a,a,1,207,d4,006,0,0,1,0,0,0,0,1,0,0,011,4,0,0
533,533,0,2,2,2004,7d1,71a,7,0,206,d4,006,0,0,1,0,0,0,0,1,0,0,012,4,0,0
534,534,0,2,2,2003,7d1,6de,1,0,206,d4,006,0,0,1,0,0,0,0,1,0,0,013,4,0,0
535,535,0,2,2,2002,7d1,6de,e,1,206,d4,007,0,0,1,0,0,0,0,1,0,0,014,4,0,0
536,536,0,2,2,2003,7d3,6de,6,0,205,d4,007,0,0,1,0,0,0,0,1,0,0,015,4,0,0
537,537,0,2,2,2003,7d2,689,d,0,205,d4,007,0,0,1,0,0,0,0,1,0,0,016,4,0,0
538,538,0,2,2,2002,7d3,689,9,1,205,d4,008,0,0,1,0,0,0,0,1,0,0,017,4,0,0
539,539,0,2,2,2003,7d3,689,6,0,204,d4,008,0,0,1,0,0,0,0,1,0,0,018,4,0,0
540,540,0,2,2,2002,7d3,661,8,0,204,d4,008,0,0,1,0,0,0,0,1,0,0,019,4,0,0
541,541,0,2,2,2001,7d4,661,1,1,204,d4,009,0,0,1,0,0,0,0,1,0,0,01a,4,0,0
542,542,0,2,2,2001,7d3,661,6,0,203,d4,009,0,0,1,0,0,0,0,1,0,0,01b,4,0,0
543,543,0,2,2,2000,7d4,624,6,0,203,d4,009,0,0,1,0,0,0,0,1,0,0,01c,4,0,0
544,544,0,2,2,1999,7d4,624,4,1,203,d4,00a,0,0,1,0,0,0,0,1,0,0,01d,4,0,0
545,545,0,2,2,1998,7d4,624,6,0,202,d4,00a,0,0,1,0,0,0,0,1,0,0,01e,4,0,0
546,546,0,2,2,1997,7d3,5f1,2,0,202,d4,00a,0,0,1,0,0,0,0,1,0,0,01f,4,0,0
547,547,0,2,2,1996,7d2,5f1,1,1,202,d4,00b,0,0,1,0,0,0,0,1,0,0,020,4,0,0
548,548,0,2,2,2000,7d4,5f1,5,0,201,d4,00b,0,0,1,0,0,0,0,1,0,0,021,4,0,0
549,549,0,2,2,2000,7d3,5d2,f,0,201,d4,00b,0,0,1,0,0,0,0,1,0,0,022,4,0,0
550,550,0,2,2,2000,7d2,5d2,2,1,201,d4,00c,0,0,1,0,0,0,0,1,0,0,023,4,0,0
551,551,0,2,2,2003,7d3,5d2,5,0,200,d4,00c,0,0,1,0,0,0,0,1,0,0,024,4,0,0
552,552,0,2,2,2001,7d3,5b2,d,0,200,d4,00c,0,0,1,0,0,0,0,1,0,0,025,4,0,0
553,553,0,2,2,2002,7d2,5b2,2,1,200,d4,00d,0,0,1,0,0,0,0,1,0,0,026,4,0,0
554,554,0,2,2,2003,7d3,5b2,5,0,199,d4,00d,0,0,1,0,0,0,0,1,0,0,027,4,0,0
555,555,0,2,2,2002,7d2,58c,b,0,199,d4,00d,0,0,1,0,0,0,0,1,0,0,028,4,0,0
556,556,0,2,2,2002,7d1,58c,c,1,199,d4,00e,0,0,1,0,0,0,0,1,0,0,029,4,0,0
557,557,0,2,2,2002,7d1,58c,5,0,198,d4,00e,0,0,1,0,0,0,0,1,0,0,02a,4,0,0
558,558,0,2,2,2002,7d0,57d,8,0,198,d4,00e,0,0,1,0,0,0,0,1,0,0,02b,4,0,0
559,559,0,2,2,2003,7cf,57d,d,1,198,d4,00f,0,0,1,0,0,0,0,1,0,0,02c,4,0,0
560,560,0,2,2,2003,7ce,57d,5,0,197,d4,00f,0,0,1,0,0,0,0,1,0,0,02d,4,0,0
561,561,0,2,2,2003,7cd,569,7,0,197,d4,00f,0,0,1,0,0,0,0,1,0,0,02e,4,0,0
562,562,0,2,2,2003,7cc,569,9,1,197,d4,010,0,0,1,0,0,0,0,1,0,0,02f,4,0,0
563,563,0,2,2,2003,7d0,569,5,0,196,d4,010,0,0,1,0,0,0,0,1,0,0,030,4,0,0
564,564,0,2,2,2004,7d0,552,6,0,196,d4,010,0,0,1,0,0,0,0,1,0,0,031,4,0,0
565,565,0,2,2,2004,7d0,552,2,1,196,d4,011,0,0,1,0,0,0,0,1,0,0,032,4,0,0
566,566,0,2,2,2005,7d3,552,5,0,195,d4,011,0,0,1,0,0,0,0,1,0,0,033,4,0,0
567,567,0,2,2,2004,7d1,54d,5,0,195,d4,011,0,0,1,0,0,0,0,1,0,0,034,4,0,0
568,568,0,2,2,2004,7d2,54d,d,1,195,d4,012,0,0,1,0,0,0,0,1,0,0,035,4,0,0
569,569,0,2,2,2004,7d3,54d,5,0,194,d4,012,0,0,1,0,0,0,0,1,0,0,036,4,0,0
570,570,0,2,2,2004,7d2,53f,4,0,194,d4,012,0,0,1,0,0,0,0,1,0,0,037,4,0,0
571,571,0,2,2,2004,7d2,53f,f,1,194,d4,013,0,0,1,0,0,0,0,1,0,0,038,4,0,0
572,572,0,2,2,2005,7d2,53f,5,0,193,d4,013,0,0,1,0,0,0,0,1,0,0,039,4,0,0
573,573,0,2,2,2004,7d2,53b,3,0,193,d4,013,0,0,1,0,0,0,0,1,0,0,03a,4,0,0
574,574,0,2,2,2005,7d3,53b,b,1,193,d4,014,0,0,1,0,0,0,0,1,0,0,03b,4,0,0
575,575,0,2,2,2005,7d3,53b,5,0,192,d4,014,0,0,1,0,0,0,0,1,0,0,03c,4,0,0
576,576,0,2,2,2005,7d3,539,3,0,192,d4,014,0,0,1,0,0,0,0,1,0,0,03d,4,0,0
577,577,0,2,2,2005,7d3,539,9,1,192,d4,015,0,0,1,0,0,0,0,1,0,0,03e,4,0,0
578,578,0,2,2,2005,7d3,539,5,0,191,d4,015,0,0,1,0,0,0,0,1,0,0,03f,4,0,0
579,579,0,2,2,2005,7d4,534,3,0,191,d4,015,0,0,1,0,0,0,0,1,0,0,040,4,0,0
580,580,0,2,2,2006,7d4,534,4,1,191,d4,016,0,0,1,0,0,0,0,1,0,0,041,4,0,0
581,581,0,2,2,2004,7d5,534,5,0,190,d4,016,0,0,1,0,0,0,0,1,0,0,042,4,0,0
582,582,0,2,2,2005,7d4,538,3,0,190,d4,016,0,0,1,0,0,0,0,1,0,0,043,4,0,0
583,583,0,2,2,2004,7d4,538,8,1,190,d4,017,0,0,1,0,0,0,0,1,0,0,044,4,0,0
584,584,0,2,2,2003,7d4,538,5,0,189,d4,017,0,0,1,0,0,0,0,1,0,0,045,4,0,0
585,585,0,2,2,2002,7d4,53b,3,0,189,d4,017,0,0,1,0,0,0,0,1,0,0,046,4,0,0
586,586,0,2,2,2002,7d4,53b,b,1,189,d4,018,0,0,1,0,0,0,0,1,0,0,047,4,0,0
587,587,0,2,2,2000,7d5,53b,5,0,188,d4,018,0,0,1,0,0,0,0,1,0,0,048,4,0,0
588,588,0,2,2,2000,7d4,53e,3,0,188,d4,018,0,0,1,0,0,0,0,1,0,0,049,4,0,0
589,589,0,2,2,2005,7d5,53e,e,1,188,d4,019,0,0,1,0,0,0,0,1,0,0,04a,4,0,0
590,590,0,2,2,2001,7d5,53e,5,0,187,d4,019,0,0,1,0,0,0,0,1,0,0,04b,4,0,0
591,591,0,2,2,2005,7d5,546,3,0,187,d4,019,0,0,1,0,0,0,0,1,0,0,04c,4,0,0
592,592,0,2,2,2005,7d5,546,6,1,187,d4,01a,0,0,1,0,0,0,0,1,0,0,04d,4,0,0
593,593,0,2,2,2004,7d5,546,5,0,186,d4,01a,0,0,1,0,0,0,0,1,0,0,04e,4,0,0
594,594,0,2,2,2006,7d5,54c,4,0,186,d4,01a,0,0,1,0,0,0,0,1,0,0,04f,4,0,0
595,595,0,2,2,2004,7d6,54c,c,1,186,d4,01b,0,0,1,0,0,0,0,1,0,0,050,4,0,0
596,596,0,2,2,2004,7d4,54c,5,0,185,d4,01b,0,0,1,0,0,0,0,1,0,0,051,4,0,0
597,597,0,2,2,2004,7d5,554,4,0,185,d4,01b,0,0,1,0,0,0,0,1,0,0,052,4,0,0
598,598,0,2,2,2005,7d4,554,4,1,185,d4,01c,0,0,1,0,0,0,0,1,0,0,053,4,0,0
599,599,0,2,2,2005,7d3,554,5,0,184,d4,01c,0,0,1,0,0,0,0,1,0,0,054,4,0,0
600,600,0,2,2,2004,7d2,55e,5,0,184,d4,01c,0,0,1,0,0,0,0,1,0,0,055,4,0,0
601,601,0,2,2,2004,7d2,55e,e,1,184,d4,01d,0,0,1,0,0,0,0,1,0,0,056,4,0,0
602,602,0,2,2,2005,7d0,55e,5,0,183,d4,01d,0,0,1,0,0,0,0,1,0,0,057,4,0,0
603,603,0,2,2,2006,7d0,568,5,0,183,d4,01d,0,0,1,0,0,0,0,1,0,0,058,4,0,0
604,604,0,2,2,2006,7d5,568,8,1,183,d4,01e,0,0,1,0,0,0,0,1,0,0,059,4,0,0
605,605,0,2,2,2005,7d1,568,5,0,182,d4,01e,0,0,1,0,0,0,0,1,0,0,05a,4,0,0
606,606,0,2,2,2005,7d5,572,6,0,182,d4,01e,0,0,1,0,0,0,0,1,0,0,05b,4,0,0
607,607,0,2,2,2005,7d5,572,2,1,182,d4,01f,0,0,1,0,0,0,0,1,0,0,05c,4,0,0
608,608,0,2,2,2006,7d4,572,5,0,181,d4,01f,0,0,1,0,0,0,0,1,0,0,05d,4,0,0
609,609,0,2,2,2005,7d6,57d,7,0,181,d4,01f,0,0,1,0,0,0,0,1,0,0,05e,4,0,0
610,610,0,2,2,2006,7d4,57d,d,1,181,d4,020,0,0,1,0,0,0,0,1,0,0,05f,4,0,0
611,611,0,2,2,2007,7d4,57d,5,0,180,d4,020,0,0,1,0,0,0,0,1,0,0,060,4,0,0
612,612,0,2,2,2007,7d4,588,7,0,180,d4,020,0,0,1,0,0,0,0,1,0,0,061,4,0,0
613,613,0,2,2,2007,7d5,588,8,1,180,d4,021,0,0,1,0,0,0,0,1,0,0,062,4,0,0
614,614,0,2,2,2007,7d5,588,5,0,179,d4,021,0,0,1,0,0,0,0,1,0,0,063,4,0,0
615,615,0,2,2,2006,7d4,594,8,0,179,d4,021,0,0,1,0,0,0,0,1,0,0,064,4,0,0
616,616,0,2,2,2006,7d4,594,4,1,179,d4,022,0,0,1,0,0,0,0,1,0,0,065,4,0,0
617,617,0,2,2,2006,7d5,594,5,0,178,d4,022,0,0,1,0,0,0,0,1,0,0,066,4,0,0
618,618,0,2,2,2007,7d6,5a0,9,0,178,d4,022,0,0,1,0,0,0,0,1,0,0,067,4,0,0
619,619,0,2,2,2007,7d6,5a0,0,1,178,d4,023,0,0,1,0,0,0,0,1,0,0,068,4,0,0
620,620,0,2,2,2007,7d5,5a0,5,0,177,d4,023,0,0,1,0,0,0,0,1,0,0,069,4,0,0
621,621,0,2,2,2007,7d5,7de,a,0,177,d4,023,0,0,1,0,0,0,0,1,0,0,06a,4,0,0
622,622,0,2,2,2005,7d5,7de,e,1,177,d4,024,0,0,1,0,0,0,0,1,0,0,06b,4,0,0
623,623,0,2,2,2004,7d6,7de,7,0,176,d4,024,0,0,1,0,0,0,0,1,0,0,06c,4,0,0
624,624,0,2,2,2003,7d5,7d5,d,0,176,d4,024,0,0,1,0,0,0,0,1,0,0,06d,4,0,0
625,625,0,2,2,2003,7d6,7d5,5,1,176,d4,025,0,0,1,0,0,0,0,1,0,0,06e,4,0,0
626,626,0,2,2,2002,7d7,7d5,7,0,175,d4,025,0,0,1,0,0,0,0,1,0,0,06f,4,0,0
627,627,0,2,2,2002,7d7,7ab,d,0,175,d4,025,0,0,1,0,0,0,0,1,0,0,070,4,0,0
628,628,0,2,2,2002,7d7,7ab,b,1,175,d4,026,0,0,1,0,0,0,0,1,0,0,071,4,0,0
629,629,0,2,2,2001,7d7,7ab,7,0,174,d4,026,0,0,1,0,0,0,0,1,0,0,072,4,0,0
630,630,0,2,2,2005,7d6,747,a,0,174,d4,026,0,0,1,0,0,0,0,1,0,0,073,4,0,0
631,631,0,2,2,2002,7d6,747,7,1,174,d4,027,0,0,1,0,0,0,0,1,0,0,074,4,0,0
632,632,0,2,2,2005,7d6,747,7,0,173,d4,027,0,0,1,0,0,0,0,1,0,0,075,4,0,0
633,633,0,2,2,2004,7d7,713,4,0,173,d4,027,0,0,1,0,0,0,0,1,0,0,076,4,0,0
634,634,0,2,2,2006,7d7,713,3,1,173,d4,028,0,0,1,0,0,0,0,1,0,0,077,4,0,0
635,635,0,2,2,2006,7d7,713,7,0,172,d4,028,0,0,1,0,0,0,0,1,0,0,078,4,0,0
636,636,0,2,2,2006,7d7,6cb,1,0,172,d4,028,0,0,1,0,0,0,0,1,0,0,079,4,0,0
637,637,0,2,2,2007,7d5,6cb,b,1,172,d4,029,0,0,1,0,0,0,0,1,0,0,07a,4,0,0
638,638,0,2,2,2006,7d4,6cb,6,0,171,d4,029,0,0,1,0,0,0,0,1,0,0,07b,4,0,0
639,639,0,2,2,2006,7d3,67e,c,0,171,d4,029,0,0,1,0,0,0,0,1,0,0,07c,4,0,0
640,640,0,2,2,2007,7d3,67e,e,1,171,d4,02a,0,0,1,0,0,0,0,1,0,0,07d,4,0,0
641,641,0,2,2,2005,7d2,67e,6,0,170,d4,02a,0,0,1,0,0,0,0,1,0,0,07e,4,0,0
642,642,0,2,2,2006,7d2,651,7,0,170,d4,02a,0,0,1,0,0,0,0,1,0,0,07f,4,0,0
643,643,0,2,2,2007,7d2,651,1,1,170,d4,02b,0,0,1,0,0,0,0,1,0,0,080,4,0,0
644,644,0,2,2,2007,7d1,651,6,0,169,d4,02b,0,0,1,0,0,0,0,1,0,0,081,4,0,0
645,645,0,2,2,2007,7d5,60d,5,0,169,d4,02b,0,0,1,0,0,0,0,1,0,0,082,4,0,0
646,646,0,2,2,2007,7d2,60d,d,1,169,d4,02c,0,0,1,0,0,0,0,1,0,0,083,4,0,0
647,647,0,2,2,2007,7d5,60d,6,0,168,d4,02c,0,0,1,0,0,0,0,1,0,0,084,4,0,0
648,648,0,2,2,2008,7d4,5e2,0,0,168,d4,02c,0,0,1,0,0,0,0,1,0,0,085,4,0,0
649,649,0,2,2,2008,7d6,5e2,2,1,168,d4,02d,0,0,1,0,0,0,0,1,0,0,086,4,0,0
650,650,0,2,2,2007,7d6,5e2,5,0,167,d4,02d,0,0,1,0,0,0,0,1,0,0,087,4,0,0
651,651,0,2,2,2007,7d6,5b6,e,0,167,d4,02d,0,0,1,0,0,0,0,1,0,0,088,4,0,0
652,652,0,2,2,2007,7d7,5b6,6,1,167,d4,02e,0,0,1,0,0,0,0,1,0,0,089,4,0,0
653,653,0,2,2,2006,7d6,5b6,5,0,166,d4,02e,0,0,1,0,0,0,0,1,0,0,08a,4,0,0
654,654,0,2,2,2007,7d6,59e,b,0,166,d4,02e,0,0,1,0,0,0,0,1,0,0,08b,4,0,0
655,655,0,2,2,2007,7d7,59e,e,1,166,d4,02f,0,0,1,0,0,0,0,1,0,0,08c,4,0,0
656,656,0,2,2,2007,7d5,59e,5,0,165,d4,02f,0,0,1,0,0,0,0,1,0,0,08d,4,0,0
657,657,0,2,2,2006,7d6,56e,9,0,165,d4,02f,0,0,1,0,0,0,0,1,0,0,08e,4,0,0
658,658,0,2,2,2007,7d7,56e,e,1,165,d4,030,0,0,1,0,0,0,0,1,0,0,08f,4,0,0
659,659,0,2,2,2006,7d7,56e,5,0,164,d4,030,0,0,1,0,0,0,0,1,0,0,090,4,0,0
660,660,0,2,2,2007,7d7,55d,6,0,164,d4,030,0,0,1,0,0,0,0,1,0,0,091,4,0,0
661,661,0,2,2,2006,7d7,55d,d,1,164,d4,031,0,0,1,0,0,0,0,1,0,0,092,4,0,0
662,662,0,2,2,2004,7d7,55d,5,0,163,d4,031,0,0,1,0,0,0,0,1,0,0,093,4,0,0
663,663,0,2,2,2006,7d8,548,5,0,163,d4,031,0,0,1,0,0,0,0,1,0,0,094,4,0,0
664,664,0,2,2,2005,7d8,548,8,1,163,d4,032,0,0,1,0,0,0,0,1,0,0,095,4,0,0
665,665,0,2,2,2003,7d7,548,5,0,162,d4,032,0,0,1,0,0,0,0,1,0,0,096,4,0,0
666,666,0,2,2,2003,7d7,530,4,0,162,d4,032,0,0,1,0,0,0,0,1,0,0,097,4,0,0
667,667,0,2,2,2003,7d7,530,0,1,162,d4,033,0,0,1,0,0,0,0,1,0,0,098,4,0,0
668,668,0,2,2,2001,7d6,530,5,0,161,d4,033,0,0,1,0,0,0,0,1,0,0,099,4,0,0
669,669,0,2,2,2001,7d7,52c,3,0,161,d4,033,0,0,1,0,0,0,0,1,0,0,09a,4,0,0
670,670,0,2,2,2006,7d7,52c,c,1,161,d4,034,0,0,1,0,0,0,0,1,0,0,09b,4,0,0
671,671,0,2,2,2003,7d7,52c,5,0,160,d4,034,0,0,1,0,0,0,0,1,0,0,09c,4,0,0
672,672,0,2,2,2005,7d6,51c,2,0,160,d4,034,0,0,1,0,0,0,0,1,0,0,09d,4,0,0
673,673,0,2,2,2007,7d7,51c,c,1,160,d4,035,0,0,1,0,0,0,0,1,0,0,09e,4,0,0
674,674,0,2,2,2006,7d6,51c,5,0,159,d4,035,0,0,1,0,0,0,0,1,0,0,09f,4,0,0
675,675,0,2,2,2007,7d7,51b,1,0,159,d4,035,0,0,1,0,0,0,0,1,0,0,0a0,4,0,0
676,676,0,2,2,2007,7d6,51b,b,1,159,d4,036,0,0,1,0,0,0,0,1,0,0,0a1,4,0,0
677,677,0,2,2,2006,7d4,51b,5,0,158,d4,036,0,0,1,0,0,0,0,1,0,0,0a2,4,0,0
678,678,0,2,2,2006,7d6,51a,1,0,158,d4,036,0,0,1,0,0,0,0,1,0,0,0a3,4,0,0
679,679,0,2,2,2006,7d5,51a,a,1,158,d4,037,0,0,1,0,0,0,0,1,0,0,0a4,4,0,0
680,680,0,2,2,2007,7d3,51a,5,0,157,d4,037,0,0,1,0,0,0,0,1,0,0,0a5,4,0,0
681,681,0,2,2,2007,7d3,514,1,0,157,d4,037,0,0,1,0,0,0,0,1,0,0,0a6,4,0,0
682,682,0,2,2,2007,7d3,514,4,1,157,d4,038,0,0,1,0,0,0,0,1,0,0,0a7,4,0,0
683,683,0,2,2,2008,7d1,514,5,0,156,d4,038,0,0,1,0,0,0,0,1,0,0,0a8,4,0,0
684,684,0,2,2,2008,7d1,51b,1,0,156,d4,038,0,0,1,0,0,0,0,1,0,0,0a9,4,0,0
685,685,0,2,2,2007,7d6,51b,b,1,156,d4,039,0,0,1,0,0,0,0,1,0,0,0aa,4,0,0
686,686,0,2,2,2008,7d3,51b,5,0,155,d4,039,0,0,1,0,0,0,0,1,0,0,0ab,4,0,0
687,687,0,2,2,2008,7d5,51b,1,0,155,d4,039,0,0,1,0,0,0,0,1,0,0,0ac,4,0,0
688,688,0,2,2,2008,7d7,51b,b,1,155,d4,03a,0,0,1,0,0,0,0,1,0,0,0ad,4,0,0
689,689,0,2,2,2009,7d6,51b,5,0,154,d4,03a,0,0,1,0,0,0,0,1,0,0,0ae,4,0,0
690,690,0,2,2,2009,7d7,51f,1,0,154,d4,03a,0,0,1,0,0,0,0,1,0,0,0af,4,0,0
691,691,0,2,2,2009,7d7,51f,f,1,154,d4,03b,0,0,1,0,0,0,0,1,0,0,0b0,4,0,0
692,692,0,2,2,2008,7d6,51f,5,0,153,d4,03b,0,0,1,0,0,0,0,1,0,0,0b1,4,0,0
693,693,0,2,2,2009,7d6,529,1,0,153,d4,03b,0,0,1,0,0,0,0,1,0,0,0b2,4,0,0
694,694,0,2,2,2009,7d6,529,9,1,153,d4,03c,0,0,1,0,0,0,0,1,0,0,0b3,4,0,0
695,695,0,2,2,2010,7d7,529,5,0,152,d4,03c,0,0,1,0,0,0,0,1,0,0,0b4,4,0,0
696,696,0,2,2,2010,7d7,52e,2,0,152,d4,03c,0,0,1,0,0,0,0,1,0,0,0b5,4,0,0
697,697,0,2,2,2011,7d7,52e,e,1,152,d4,03d,0,0,1,0,0,0,0,1,0,0,0b6,4,0,0
698,698,0,2,2,2011,7d8,52e,5,0,151,d4,03d,0,0,1,0,0,0,0,1,0,0,0b7,4,0,0
699,699,0,2,2,2011,7d8,539,2,0,151,d4,03d,0,0,1,0,0,0,0,1,0,0,0b8,4,0,0
700,700,0,2,2,2011,7d7,539,9,1,151,d4,03e,0,0,1,0,0,0,0,1,0,0,0b9,4,0,0
701,701,0,2,2,2011,7d8,539,5,0,150,d4,03e,0,0,1,0,0,0,0,1,0,0,0ba,4,0,0
702,702,0,2,2,2010,7d8,543,3,0,150,d4,03e,0,0,1,0,0,0,0,1,0,0,0bb,4,0,0
703,703,0,2,2,2011,7d8,543,3,1,150,d4,03f,0,0,1,0,0,0,0,1,0,0,0bc,4,0,0
704,704,0,2,2,2009,7d9,543,5,0,149,d4,03f,0,0,1,0,0,0,0,1,0,0,0bd,4,0,0
705,705,0,2,2,2009,7d9,54d,4,0,149,d4,03f,0,0,1,0,0,0,0,1,0,0,0be,4,0,0
706,706,0,2,2,2008,7d9,54d,d,1,149,d4,040,0,0,1,0,0,0,0,1,0,0,0bf,4,0,0
707,707,0,2,2,2007,7d8,54d,5,0,148,d4,040,0,0,1,0,0,0,0,1,0,0,0c0,4,0,0
708,708,0,2,2,2006,7d9,55a,4,0,148,d4,040,0,0,1,0,0,0,0,1,0,0,0c1,4,0,0
709,709,0,2,2,2006,7d9,55a,a,1,148,d4,041,0,0,1,0,0,0,0,1,0,0,0c2,4,0,0
710,710,0,2,2,2006,7da,55a,5,0,147,d4,041,0,0,1,0,0,0,0,1,0,0,0c3,4,0,0
711,711,0,2,2,2010,7da,566,5,0,147,d4,041,0,0,1,0,0,0,0,1,0,0,0c4,4,0,0
712,712,0,2,2,2007,7db,566,6,1,147,d4,042,0,0,1,0,0,0,0,1,0,0,0c5,4,0,0
713,713,0,2,2,2010,7db,566,5,0,146,d4,042,0,0,1,0,0,0,0,1,0,0,0c6,4,0,0
714,714,0,2,2,2009,7db,573,6,0,146,d4,042,0,0,1,0,0,0,0,1,0,0,0c7,4,0,0
715,715,0,2,2,2009,7db,573,3,1,146,d4,043,0,0,1,0,0,0,0,1,0,0,0c8,4,0,0
716,716,0,2,2,2011,7db,573,5,0,145,d4,043,0,0,1,0,0,0,0,1,0,0,0c9,4,0,0
717,717,0,2,2,2009,7da,580,7,0,145,d4,043,0,0,1,0,0,0,0,1,0,0,0ca,4,0,0
718,718,0,2,2,2010,7db,580,0,1,145,d4,044,0,0,1,0,0,0,0,1,0,0,0cb,4,0,0
719,719,0,2,2,2010,7d9,580,5,0,144,d4,044,0,0,1,0,0,0,0,1,0,0,0cc,4,0,0
720,720,0,2,2,2010,7d9,58e,8,0,144,d4,044,0,0,1,0,0,0,0,1,0,0,0cd,4,0,0
721,721,0,2,2,2010,7d8,58e,e,1,144,d4,045,0,0,1,0,0,0,0,1,0,0,0ce,4,0,0
722,722,0,2,2,2010,7d7,58e,5,0,143,d4,045,0,0,1,0,0,0,0,1,0,0,0cf,4,0,0
723,723,0,2,2,2010,7d6,7df,8,0,143,d4,045,0,0,1,0,0,0,0,1,0,0,0d0,4,0,0
724,724,0,2,2,2010,7d6,7df,f,1,143,d4,046,0,0,1,0,0,0,0,1,0,0,0d1,4,0,0
725,725,0,2,2,2008,7d6,7df,7,0,142,d4,046,0,0,1,0,0,0,0,1,0,0,0d2,4,0,0
726,726,0,2,2,2010,7da,7df,d,0,142,d4,046,0,0,1,0,0,0,0,1,0,0,0d3,4,0,0
727,727,0,2,2,2010,7d7,7df,f,1,142,d4,047,0,0,1,0,0,0,0,1,0,0,0d4,4,0,0
728,728,0,2,2,2010,7da,7df,7,0,141,d4,047,0,0,1,0,0,0,0,1,0,0,0d5,4,0,0
729,729,0,2,2,2010,7d9,7df,d,0,141,d4,047,0,0,1,0,0,0,0,1,0,0,0d6,4,0,0
730,730,0,2,2,2010,7d9,7df,f,1,141,d4,048,0,0,1,0,0,0,0,1,0,0,0d7,4,0,0
731,731,0,2,2,2010,7db,7df,7,0,140,d4,048,0,0,1,0,0,0,0,1,0,0,0d8,4,0,0
732,732,0,2,2,2009,7d9,7d5,d,0,140,d4,048,0,0,1,0,0,0,0,1,0,0,0d9,4,0,0
733,733,0,2,2,2009,7da,7d5,5,1,140,d4,049,0,0,1,0,0,0,0,1,0,0,0da,4,0,0
734,734,0,2,2,2010,7da,7d5,7,0,139,d4,049,0,0,1,0,0,0,0,1,0,0,0db,4,0,0
735,735,0,2,2,2009,7da,79b,d,0,139,d4,049,0,0,1,0,0,0,0,1,0,0,0dc,4,0,0
736,736,0,2,2,2009,7da,79b,b,1,139,d4,04a,0,0,1,0,0,0,0,1,0,0,0dd,4,0,0
737,737,0,2,2,2009,7da,79b,7,0,138,d4,04a,0,0,1,0,0,0,0,1,0,0,0de,4,0,0
738,738,0,2,2,2010,7da,71b,9,0,138,d4,04a,0,0,1,0,0,0,0,1,0,0,0df,4,0,0
739,739,0,2,2,2009,7da,71b,b,1,138,d4,04b,0,0,1,0,0,0,0,1,0,0,0e0,4,0,0
740,740,0,2,2,2008,7d8,71b,7,0,137,d4,04b,0,0,1,0,0,0,0,1,0,0,0e1,4,0,0
741,741,0,2,2,2008,7da,6d8,1,0,137,d4,04b,0,0,1,0,0,0,0,1,0,0,0e2,4,0,0
742,742,0,2,2,2009,7da,6d8,8,1,137,d4,04c,0,0,1,0,0,0,0,1,0,0,0e3,4,0,0
743,743,0,2,2,2008,7da,6d8,6,0,136,d4,04c,0,0,1,0,0,0,0,1,0,0,0e4,4,0,0
744,744,0,2,2,2007,7da,66f,d,0,136,d4,04c,0,0,1,0,0,0,0,1,0,0,0e5,4,0,0
745,745,0,2,2,2007,7da,66f,f,1,136,d4,04d,0,0,1,0,0,0,0,1,0,0,0e6,4,0,0
746,746,0,2,2,2006,7da,66f,6,0,135,d4,04d,0,0,1,0,0,0,0,1,0,0,0e7,4,0,0
747,747,0,2,2,2005,7d9,60f,6,0,135,d4,04d,0,0,1,0,0,0,0,1,0,0,0e8,4,0,0
748,748,0,2,2,2004,7d9,60f,f,1,135,d4,04e,0,0,1,0,0,0,0,1,0,0,0e9,4,0,0
749,749,0,2,2,2003,7da,60f,6,0,134,d4,04e,0,0,1,0,0,0,0,1,0,0,0ea,4,0,0
750,750,0,2,2,2003,7d9,5d1,0,0,134,d4,04e,0,0,1,0,0,0,0,1,0,0,0eb,4,0,0
751,751,0,2,2,2007,7d9,5d1,1,1,134,d4,04f,0,0,1,0,0,0,0,1,0,0,0ec,4,0,0
752,752,0,2,2,2004,7d9,5d1,5,0,133,d4,04f,0,0,1,0,0,0,0,1,0,0,0ed,4,0,0
753,753,0,2,2,2004,7da,576,d,0,133,d4,04f,0,0,1,0,0,0,0,1,0,0,0ee,4,0,0
754,754,0,2,2,2007,7d9,576,6,1,133,d4,050,0,0,1,0,0,0,0,1,0,0,0ef,4,0,0
755,755,0,2,2,2005,7d8,576,5,0,132,d4,050,0,0,1,0,0,0,0,1,0,0,0f0,4,0,0
756,756,0,2,2,2007,7d8,53d,7,0,132,d4,050,0,0,1,0,0,0,0,1,0,0,0f1,4,0,0
757,757,0,2,2,2005,7d9,53d,d,1,132,d4,051,0,0,1,0,0,0,0,1,0,0,0f2,4,0,0
758,758,0,2,2,2005,7d8,53d,5,0,131,d4,051,0,0,1,0,0,0,0,1,0,0,0f3,4,0,0
759,759,0,2,2,2007,7d7,514,3,0,131,d4,051,0,0,1,0,0,0,0,1,0,0,0f4,4,0,0
760,760,0,2,2,2006,7d7,514,4,1,131,d4,052,0,0,1,0,0,0,0,1,0,0,0f5,4,0,0
761,761,0,2,2,2007,7d6,514,5,0,130,d4,052,0,0,1,0,0,0,0,1,0,0,0f6,4,0,0
762,762,0,2,2,2007,7d5,4cf,1,0,130,d4,052,0,0,1,0,0,0,0,1,0,0,0f7,4,0,0
763,763,0,2,2,2006,7d4,4cf,f,1,130,d4,053,0,0,1,0,0,0,0,1,0,0,0f8,4,0,0
764,764,0,2,2,2007,7d3,4cf,4,0,129,d4,053,0,0,1,0,0,0,0,1,0,0,0f9,4,0,0
765,765,0,2,2,2006,7d3,4bb,c,0,129,d4,053,0,0,1,0,0,0,0,1,0,0,0fa,4,0,0
766,766,0,2,2,2007,7d7,4bb,b,1,129,d4,054,0,0,1,0,0,0,0,1,0,0,0fb,4,0,0
767,767,0,2,2,2006,7d4,4bb,4,0,128,d4,054,0,0,1,0,0,0,0,1,0,0,0fc,4,0,0
768,768,0,2,2,2005,7d4,499,b,0,128,d4,054,0,0,1,0,0,0,0,1,0,0,0fd,4,0,0
769,769,0,2,2,2008,7d7,499,9,1,128,d4,055,0,0,1,0,0,0,0,1,0,0,0fe,4,0,0
770,770,0,2,2,2007,7d5,499,4,0,127,d4,055,0,0,1,0,0,0,0,1,0,0,0ff,4,0,0
771,771,0,2,2,2007,7d7,471,9,0,127,d4,055,0,0,1,0,0,0,0,1,0,0,100,4,0,0
772,772,0,2,2,2008,7d5,471,1,1,127,d4,056,0,0,1,0,0,0,0,1,0,0,101,4,0,0
773,773,0,2,2,2007,7d5,471,4,0,126,d4,056,0,0,1,0,0,0,0,1,0,0,102,4,0,0
774,774,0,2,2,2008,7d7,470,7,0,126,d4,056,0,0,1,0,0,0,0,1,0,0,103,4,0,0
775,775,0,2,2,2007,7d6,470,0,1,126,d4,057,0,0,1,0,0,0,0,1,0,0,104,4,0,0
776,776,0,2,2,2009,7d7,470,4,0,125,d4,057,0,0,1,0,0,0,0,1,0,0,105,4,0,0
777,777,0,2,2,2008,7d7,454,7,0,125,d4,057,0,0,1,0,0,0,0,1,0,0,106,4,0,0
778,778,0,2,2,2009,7d6,454,4,1,125,d4,058,0,0,1,0,0,0,0,1,0,0,107,4,0,0
779,779,0,2,2,2009,7d7,454,4,0,124,d4,058,0,0,1,0,0,0,0,1,0,0,108,4,0,0
780,780,0,2,2,2009,7d6,44c,5,0,124,d4,058,0,0,1,0,0,0,0,1,0,0,109,4,0,0
781,781,0,2,2,2009,7d7,44c,c,1,124,d4,059,0,0,1,0,0,0,0,1,0,0,10a,4,0,0
782,782,0,2,2,2009,7d6,44c,4,0,123,d4,059,0,0,1,0,0,0,0,1,0,0,10b,4,0,0
783,783,0,2,2,2010,7d5,448,4,0,123,d4,059,0,0,1,0,0,0,0,1,0,0,10c,4,0,0
784,784,0,2,2,2008,7d8,448,8,1,123,d4,05a,0,0,1,0,0,0,0,1,0,0,10d,4,0,0
785,785,0,2,2,2009,7d7,448,4,0,122,d4,05a,0,0,1,0,0,0,0,1,0,0,10e,4,0,0
786,786,0,2,2,2009,7d7,43b,4,0,122,d4,05a,0,0,1,0,0,0,0,1,0,0,10f,4,0,0
787,787,0,2,2,2007,7d8,43b,b,1,122,d4,05b,0,0,1,0,0,0,0,1,0,0,110,4,0,0
788,788,0,2,2,2006,7d7,43b,4,0,121,d4,05b,0,0,1,0,0,0,0,1,0,0,111,4,0,0
789,789,0,2,2,2005,7d8,443,3,0,121,d4,05b,0,0,1,0,0,0,0,1,0,0,112,4,0,0
790,790,0,2,2,2005,7d7,443,3,1,121,d4,05c,0,0,1,0,0,0,0,1,0,0,113,4,0,0
791,791,0,2,2,2004,7d9,443,4,0,120,d4,05c,0,0,1,0,0,0,0,1,0,0,114,4,0,0
792,792,0,2,2,2008,7d8,440,4,0,120,d4,05c,0,0,1,0,0,0,0,1,0,0,115,4,0,0
793,793,0,2,2,2007,7d9,440,0,1,120,d4,05d,0,0,1,0,0,0,0,1,0,0,116,4,0,0
794,794,0,2,2,2009,7d9,440,4,0,119,d4,05d,0,0,1,0,0,0,0,1,0,0,117,4,0,0
795,795,0,2,2,2008,7d9,444,4,0,119,d4,05d,0,0,1,0,0,0,0,1,0,0,118,4,0,0
796,796,0,2,2,2009,7d9,444,4,1,119,d4,05e,0,0,1,0,0,0,0,1,0,0,119,4,0,0
797,797,0,2,2,2009,7d9,444,4,0,118,d4,05e,0,0,1,0,0,0,0,1,0,0,11a,4,0,0
798,798,0,2,2,2008,7da,44e,4,0,118,d4,05e,0,0,1,0,0,0,0,1,0,0,11b,4,0,0
799,799,0,2,2,2009,7d8,44e,e,1,118,d4,05f,0,0,1,0,0,0,0,1,0,0,11c,4,0,0
800,800,0,2,2,2010,7d9,44e,4,0,117,d4,05f,0,0,1,0,0,0,0,1,0,0,11d,4,0,0
801,801,0,2,2,2009,7d9,451,4,0,117,d4,05f,0,0,1,0,0,0,0,1,0,0,11e,4,0,0
802,802,0,2,2,2009,7d7,451,1,1,117,d4,060,0,0,1,0,0,0,0,1,0,0,11f,4,0,0
803,803,0,2,2,2010,7d6,451,4,0,116,d4,060,0,0,1,0,0,0,0,1,0,0,120,4,0,0
804,804,0,2,2,2009,7d5,45c,5,0,116,d4,060,0,0,1,0,0,0,0,1,0,0,121,4,0,0
805,805,0,2,2,2009,7d5,45c,c,1,116,d4,061,0,0,1,0,0,0,0,1,0,0,122,4,0,0
806,806,0,2,2,2009,7d4,45c,4,0,115,d4,061,0,0,1,0,0,0,0,1,0,0,123,4,0,0
807,807,0,2,2,2009,7d8,467,5,0,115,d4,061,0,0,1,0,0,0,0,1,0,0,124,4,0,0
808,808,0,2,2,2009,7d7,467,7,1,115,d4,062,0,0,1,0,0,0,0,1,0,0,125,4,0,0
809,809,0,2,2,2008,7d9,467,4,0,114,d4,062,0,0,1,0,0,0,0,1,0,0,126,4,0,0
810,810,0,2,2,2008,7d8,472,6,0,114,d4,062,0,0,1,0,0,0,0,1,0,0,127,4,0,0
811,811,0,2,2,2009,7d9,472,2,1,114,d4,063,0,0,1,0,0,0,0,1,0,0,128,4,0,0
812,812,0,2,2,2007,7d9,472,4,0,113,d4,063,0,0,1,0,0,0,0,1,0,0,129,4,0,0
813,813,0,2,2,2008,7d8,482,7,0,113,d4,063,0,0,1,0,0,0,0,1,0,0,12a,4,0,0
814,814,0,2,2,2007,7d9,482,2,1,113,d4,064,0,0,1,0,0,0,0,1,0,0,12b,4,0,0
815,815,0,2,2,2008,7da,482,4,0,112,d4,064,0,0,1,0,0,0,0,1,0,0,12c,4,0,0
816,816,0,2,2,2008,7d9,48f,8,0,112,d4,064,0,0,1,0,0,0,0,1,0,0,12d,4,0,0
817,817,0,2,2,2007,7d9,48f,f,1,112,d4,065,0,0,1,0,0,0,0,1,0,0,12e,4,0,0
818,818,0,2,2,2008,7da,48f,4,0,111,d4,065,0,0,1,0,0,0,0,1,0,0,12f,4,0,0
819,819,0,2,2,2008,7d9,49f,8,0,111,d4,065,0,0,1,0,0,0,0,1,0,0,130,4,0,0
820,820,0,2,2,2008,7d9,49f,f,1,111,d4,066,0,0,1,0,0,0,0,1,0,0,131,4,0,0
821,821,0,2,2,2009,7d9,49f,4,0,110,d4,066,0,0,1,0,0,0,0,1,0,0,132,4,0,0
822,822,0,2,2,2008,7d9,4b4,9,0,110,d4,066,0,0,1,0,0,0,0,1,0,0,133,4,0,0
823,823,0,2,2,2008,7d9,4b4,4,1,110,d4,067,0,0,1,0,0,0,0,1,0,0,134,4,0,0
824,824,0,2,2,2008,7d8,4b4,4,0,109,d4,067,0,0,1,0,0,0,0,1,0,0,135,4,0,0
825,825,0,2,2,2006,7d8,4c4,b,0,109,d4,067,0,0,1,0,0,0,0,1,0,0,136,4,0,0
826,826,0,2,2,2007,7d9,4c4,4,1,109,d4,068,0,0,1,0,0,0,0,1,0,0,137,4,0,0
827,827,0,2,2,2005,7d7,4c4,4,0,108,d4,068,0,0,1,0,0,0,0,1,0,0,138,4,0,0
828,828,0,2,2,2005,7d8,4d4,c,0,108,d4,068,0,0,1,0,0,0,0,1,0,0,139,4,0,0
829,829,0,2,2,2004,7d7,4d4,4,1,108,d4,069,0,0,1,0,0,0,0,1,0,0,13a,4,0,0
830,830,0,2,2,2003,7d8,4d4,4,0,107,d4,069,0,0,1,0,0,0,0,1,0,0,13b,4,0,0
831,831,0,2,2,2003,7d8,4ea,d,0,107,d4,069,0,0,1,0,0,0,0,1,0,0,13c,4,0,0
832,832,0,2,2,2007,7d7,4ea,a,1,107,d4,06a,0,0,1,0,0,0,0,1,0,0,13d,4,0,0
833,833,0,2,2,2004,7d8,4ea,4,0,106,d4,06a,0,0,1,0,0,0,0,1,0,0,13e,4,0,0
834,834,0,2,2,2004,7d8,4fa,e,0,106,d4,06a,0,0,1,0,0,0,0,1,0,0,13f,4,0,0
835,835,0,2,2,2006,7d8,4fa,a,1,106,d4,06b,0,0,1,0,0,0,0,1,0,0,140,4,0,0
836,836,0,2,2,2005,7d9,4fa,4,0,105,d4,06b,0,0,1,0,0,0,0,1,0,0,141,4,0,0
837,837,0,2,2,2006,7d8,50e,f,0,105,d4,06b,0,0,1,0,0,0,0,1,0,0,142,4,0,0
838,838,0,2,2,2005,7d8,50e,e,1,105,d4,06c,0,0,1,0,0,0,0,1,0,0,143,4,0,0
839,839,0,2,2,2006,7d8,50e,5,0,104,d4,06c,0,0,1,0,0,0,0,1,0,0,144,4,0,0
840,840,0,2,2,2006,7d6,520,0,0,104,d4,06c,0,0,1,0,0,0,0,1,0,0,145,4,0,0
841,841,0,2,2,2007,7d7,520,0,1,104,d4,06d,0,0,1,0,0,0,0,1,0,0,146,4,0,0
842,842,0,2,2,2006,7d5,520,5,0,103,d4,06d,0,0,1,0,0,0,0,1,0,0,147,4,0,0
843,843,0,2,2,2006,7d5,532,2,0,103,d4,06d,0,0,1,0,0,0,0,1,0,0,148,4,0,0
844,844,0,2,2,2006,7d4,532,2,1,103,d4,06e,0,0,1,0,0,0,0,1,0,0,149,4,0,0
845,845,0,2,2,2006,7d3,532,5,0,102,d4,06e,0,0,1,0,0,0,0,1,0,0,14a,4,0,0
846,846,0,2,2,2006,7d3,544,3,0,102,d4,06e,0,0,1,0,0,0,0,1,0,0,14b,4,0,0
847,847,0,2,2,2006,7d7,544,4,1,102,d4,06f,0,0,1,0,0,0,0,1,0,0,14c,4,0,0
848,848,0,2,2,2007,7d4,544,5,0,101,d4,06f,0,0,1,0,0,0,0,1,0,0,14d,4,0,0
849,849,0,2,2,2007,7d4,557,4,0,101,d4,06f,0,0,1,0,0,0,0,1,0,0,14e,4,0,0
850,850,0,2,2,2008,7d6,557,7,1,101,d4,070,0,0,1,0,0,0,0,1,0,0,14f,4,0,0
851,851,0,2,2,2008,7d5,557,5,0,100,d4,070,0,0,1,0,0,0,0,1,0,0,150,4,0,0
852,852,0,2,2,2008,7d6,567,5,0,100,d4,070,0,0,1,0,0,0,0,1,0,0,151,4,0,0
853,853,0,2,2,2008,7d5,567,7,1,100,d4,071,0,0,1,0,0,0,0,1,0,0,152,4,0,0
854,854,0,2,2,2008,7d6,567,5,0,99,d4,071,0,0,1,0,0,0,0,1,0,0,153,4,0,0
855,855,0,2,2,2009,7d6,57a,6,0,99,d4,071,0,0,1,0,0,0,0,1,0,0,154,4,0,0
856,856,0,2,2,2010,7d7,57a,a,1,99,d4,072,0,0,1,0,0,0,0,1,0,0,155,4,0,0
857,857,0,2,2,2010,7d6,57a,5,0,98,d4,072,0,0,1,0,0,0,0,1,0,0,156,4,0,0
858,858,0,2,2,2011,7d6,58d,7,0,98,d4,072,0,0,1,0,0,0,0,1,0,0,157,4,0,0
859,859,0,2,2,2010,7d6,58d,d,1,98,d4,073,0,0,1,0,0,0,0,1,0,0,158,4,0,0
860,860,0,2,2,2010,7d6,58d,5,0,97,d4,073,0,0,1,0,0,0,0,1,0,0,159,4,0,0
861,861,0,2,2,2011,7d6,59c,8,0,97,d4,073,0,0,1,0,0,0,0,1,0,0,15a,4,0,0
862,862,0,2,2,2011,7d6,59c,c,1,97,d4,074,0,0,1,0,0,0,0,1,0,0,15b,4,0,0
863,863,0,2,2,2011,7d7,59c,5,0,96,d4,074,0,0,1,0,0,0,0,1,0,0,15c,4,0,0
864,864,0,2,2,2011,7d7,5b0,9,0,96,d4,074,0,0,1,0,0,0,0,1,0,0,15d,4,0,0
865,865,0,2,2,2011,7d8,5b0,0,1,96,d4,075,0,0,1,0,0,0,0,1,0,0,15e,4,0,0
866,866,0,2,2,2010,7d8,5b0,5,0,95,d4,075,0,0,1,0,0,0,0,1,0,0,15f,4,0,0
867,867,0,2,2,2009,7d8,5c0,b,0,95,d4,075,0,0,1,0,0,0,0,1,0,0,160,4,0,0
868,868,0,2,2,2008,7d8,5c0,0,1,95,d4,076,0,0,1,0,0,0,0,1,0,0,161,4,0,0
869,869,0,2,2,2007,7d8,5c0,5,0,94,d4,076,0,0,1,0,0,0,0,1,0,0,162,4,0,0
870,870,0,2,2,2008,7d9,5cf,c,0,94,d4,076,0,0,1,0,0,0,0,1,0,0,163,4,0,0
871,871,0,2,2,2006,7da,5cf,f,1,94,d4,077,0,0,1,0,0,0,0,1,0,0,164,4,0,0
872,872,0,2,2,2006,7da,5cf,5,0,93,d4,077,0,0,1,0,0,0,0,1,0,0,165,4,0,0
873,873,0,2,2,2010,7db,5e0,c,0,93,d4,077,0,0,1,0,0,0,0,1,0,0,166,4,0,0
874,874,0,2,2,2008,7da,5e0,0,1,93,d4,078,0,0,1,0,0,0,0,1,0,0,167,4,0,0
875,875,0,2,2,2010,7da,5e0,5,0,92,d4,078,0,0,1,0,0,0,0,1,0,0,168,4,0,0
876,876,0,2,2,2010,7db,5ee,e,0,92,d4,078,0,0,1,0,0,0,0,1,0,0,169,4,0,0
877,877,0,2,2,2010,7db,5ee,e,1,92,d4,079,0,0,1,0,0,0,0,1,0,0,16a,4,0,0
878,878,0,2,2,2012,7db,5ee,5,0,91,d4,079,0,0,1,0,0,0,0,1,0,0,16b,4,0,0
879,879,0,2,2,2011,7db,601,e,0,91,d4,079,0,0,1,0,0,0,0,1,0,0,16c,4,0,0
880,880,0,2,2,2012,7db,601,1,1,91,d4,07a,0,0,1,0,0,0,0,1,0,0,16d,4,0,0
881,881,0,2,2,2010,7da,601,6,0,90,d4,07a,0,0,1,0,0,0,0,1,0,0,16e,4,0,0
882,882,0,2,2,2013,7d9,60d,0,0,90,d4,07a,0,0,1,0,0,0,0,1,0,0,16f,4,0,0
883,883,0,2,2,2013,7d8,60d,d,1,90,d4,07b,0,0,1,0,0,0,0,1,0,0,170,4,0,0
884,884,0,2,2,2012,7d7,60d,6,0,89,d4,07b,0,0,1,0,0,0,0,1,0,0,171,4,0,0
885,885,0,2,2,2012,7d8,620,0,0,89,d4,07b,0,0,1,0,0,0,0,1,0,0,172,4,0,0
886,886,0,2,2,2012,7d6,620,0,1,89,d4,07c,0,0,1,0,0,0,0,1,0,0,173,4,0,0
887,887,0,2,2,2011,7d6,620,6,0,88,d4,07c,0,0,1,0,0,0,0,1,0,0,174,4,0,0
888,888,0,2,2,2013,7da,62c,2,0,88,d4,07c,0,0,1,0,0,0,0,1,0,0,175,4,0,0
889,889,0,2,2,2011,7d8,62c,c,1,88,d4,07d,0,0,1,0,0,0,0,1,0,0,176,4,0,0
890,890,0,2,2,2012,7da,62c,6,0,87,d4,07d,0,0,1,0,0,0,0,1,0,0,177,4,0,0
891,891,0,2,2,2012,7da,639,2,0,87,d4,07d,0,0,1,0,0,0,0,1,0,0,178,4,0,0
892,892,0,2,2,2013,7da,639,9,1,87,d4,07e,0,0,1,0,0,0,0,1,0,0,179,4,0,0
893,893,0,2,2,2011,7dc,639,6,0,86,d4,07e,0,0,1,0,0,0,0,1,0,0,17a,4,0,0
894,894,0,2,2,2012,7db,649,3,0,86,d4,07e,0,0,1,0,0,0,0,1,0,0,17b,4,0,0
895,895,0,2,2,2013,7dc,649,9,1,86,d4,07f,0,0,1,0,0,0,0,1,0,0,17c,4,0,0
896,896,0,2,2,2013,7da,649,6,0,85,d4,07f,0,0,1,0,0,0,0,1,0,0,17d,4,0,0
897,897,0,2,2,2013,7dd,653,4,0,85,d4,07f,0,0,1,0,0,0,0,1,0,0,17e,4,0,0
898,898,0,2,2,2012,7dd,653,3,1,85,d4,080,0,0,1,0,0,0,0,1,0,0,17f,4,0,0
899,899,0,2,2,2013,7dc,653,6,0,84,d4,080,0,0,1,0,0,0,0,1,0,0,180,4,0,0
900,900,0,2,2,2012,7dc,661,5,0,84,d4,080,0,0,1,0,0,0,0,1,0,0,181,4,0,0
901,901,0,2,2,2012,7dc,661,1,1,84,d4,081,0,0,1,0,0,0,0,1,0,0,182,4,0,0
902,902,0,2,2,2013,7db,661,6,0,83,d4,081,0,0,1,0,0,0,0,1,0,0,183,4,0,0
903,903,0,2,2,2012,7dd,66c,6,0,83,d4,081,0,0,1,0,0,0,0,1,0,0,184,4,0,0
904,904,0,2,2,2012,7db,66c,c,1,83,d4,082,0,0,1,0,0,0,0,1,0,0,185,4,0,0
905,905,0,2,2,2011,7dc,66c,6,0,82,d4,082,0,0,1,0,0,0,0,1,0,0,186,4,0,0
906,906,0,2,2,2011,7dc,678,6,0,82,d4,082,0,0,1,0,0,0,0,1,0,0,187,4,0,0
907,907,0,2,2,2011,7dd,678,8,1,82,d4,083,0,0,1,0,0,0,0,1,0,0,188,4,0,0
908,908,0,2,2,2009,7db,678,6,0,81,d4,083,0,0,1,0,0,0,0,1,0,0,189,4,0,0
909,909,0,2,2,2007,7dc,685,7,0,81,d4,083,0,0,1,0,0,0,0,1,0,0,18a,4,0,0
910,910,0,2,2,2008,7dd,685,5,1,81,d4,084,0,0,1,0,0,0,0,1,0,0,18b,4,0,0
911,911,0,2,2,2007,7dd,685,6,0,80,d4,084,0,0,1,0,0,0,0,1,0,0,18c,4,0,0
912,912,0,2,2,2006,7dd,68d,8,0,80,d4,084,0,0,1,0,0,0,0,1,0,0,18d,4,0,0
913,913,0,2,2,2008,7dc,68d,d,1,80,d4,085,0,0,1,0,0,0,0,1,0,0,18e,4,0,0
914,914,0,2,2,2009,7dd,68d,6,0,79,d4,085,0,0,1,0,0,0,0,1,0,0,18f,4,0,0
915,915,0,2,2,2008,7dc,697,8,0,79,d4,085,0,0,1,0,0,0,0,1,0,0,190,4,0,0
916,916,0,2,2,2010,7dc,697,7,1,79,d4,086,0,0,1,0,0,0,0,1,0,0,191,4,0,0
917,917,0,2,2,2007,7dd,697,6,0,78,d4,086,0,0,1,0,0,0,0,1,0,0,192,4,0,0
918,918,0,2,2,2010,7dc,6a3,9,0,78,d4,086,0,0,1,0,0,0,0,1,0,0,193,4,0,0
919,919,0,2,2,2010,7dc,6a3,3,1,78,d4,087,0,0,1,0,0,0,0,1,0,0,194,4,0,0
920,920,0,2,2,2010,7db,6a3,6,0,77,d4,087,0,0,1,0,0,0,0,1,0,0,195,4,0,0
921,921,0,2,2,2010,7db,6ab,a,0,77,d4,087,0,0,1,0,0,0,0,1,0,0,196,4,0,0
922,922,0,2,2,2010,7db,6ab,b,1,77,d4,088,0,0,1,0,0,0,0,1,0,0,197,4,0,0
923,923,0,2,2,2009,7d9,6ab,6,0,76,d4,088,0,0,1,0,0,0,0,1,0,0,198,4,0,0
924,924,0,2,2,2009,7d7,6b6,a,0,76,d4,088,0,0,1,0,0,0,0,1,0,0,199,4,0,0
925,925,0,2,2,2009,7d8,6b6,6,1,76,d4,089,0,0,1,0,0,0,0,1,0,0,19a,4,0,0
926,926,0,2,2,2010,7d7,6b6,6,0,75,d4,089,0,0,1,0,0,0,0,1,0,0,19b,4,0,0
927,927,0,2,2,2009,7d6,6bc,b,0,75,d4,089,0,0,1,0,0,0,0,1,0,0,19c,4,0,0
928,928,0,2,2,2009,7d8,6bc,c,1,75,d4,08a,0,0,1,0,0,0,0,1,0,0,19d,4,0,0
929,929,0,2,2,2009,7d9,6bc,6,0,74,d4,08a,0,0,1,0,0,0,0,1,0,0,19e,4,0,0
930,930,0,2,2,2008,7d8,6c5,b,0,74,d4,08a,0,0,1,0,0,0,0,1,0,0,19f,4,0,0
931,931,0,2,2,2009,7da,6c5,5,1,74,d4,08b,0,0,1,0,0,0,0,1,0,0,1a0,4,0,0
932,932,0,2,2,2009,7d7,6c5,6,0,73,d4,08b,0,0,1,0,0,0,0,1,0,0,1a1,4,0,0
933,933,0,2,2,2007,7da,6ce,c,0,73,d4,08b,0,0,1,0,0,0,0,1,0,0,1a2,4,0,0
934,934,0,2,2,2008,7da,6ce,e,1,73,d4,08c,0,0,1,0,0,0,0,1,0,0,1a3,4,0,0
935,935,0,2,2,2008,7da,6ce,6,0,72,d4,08c,0,0,1,0,0,0,0,1,0,0,1a4,4,0,0
936,936,0,2,2,2008,7da,6d4,c,0,72,d4,08c,0,0,1,0,0,0,0,1,0,0,1a5,4,0,0
937,937,0,2,2,2008,7da,6d4,4,1,72,d4,08d,0,0,1,0,0,0,0,1,0,0,1a6,4,0,0
938,938,0,2,2,2009,7d9,6d4,6,0,71,d4,08d,0,0,1,0,0,0,0,1,0,0,1a7,4,0,0
939,939,0,2,2,2008,7d9,6de,d,0,71,d4,08d,0,0,1,0,0,0,0,1,0,0,1a8,4,0,0
940,940,0,2,2,2008,7d9,6de,e,1,71,d4,08e,0,0,1,0,0,0,0,1,0,0,1a9,4,0,0
941,941,0,2,2,2008,7da,6de,6,0,70,d4,08e,0,0,1,0,0,0,0,1,0,0,1aa,4,0,0
942,942,0,2,2,2009,7d9,6e5,d,0,70,d4,08e,0,0,1,0,0,0,0,1,0,0,1ab,4,0,0
943,943,0,2,2,2009,7d9,6e5,5,1,70,d4,08f,0,0,1,0,0,0,0,1,0,0,1ac,4,0,0
944,944,0,2,2,2009,7d9,6e5,6,0,69,d4,08f,0,0,1,0,0,0,0,1,0,0,1ad,4,0,0
945,945,0,2,2,2008,7d8,6f3,e,0,69,d4,08f,0,0,1,0,0,0,0,1,0,0,1ae,4,0,0
946,946,0,2,2,2007,7d9,6f3,3,1,69,d4,090,0,0,1,0,0,0,0,1,0,0,1af,4,0,0
947,947,0,2,2,2007,7d9,6f3,6,0,68,d4,090,0,0,1,0,0,0,0,1,0,0,1b0,4,0,0
948,948,0,2,2,2006,7d7,6f8,f,0,68,d4,090,0,0,1,0,0,0,0,1,0,0,1b1,4,0,0
949,949,0,2,2,2005,7d8,6f8,8,1,68,d4,091,0,0,1,0,0,0,0,1,0,0,1b2,4,0,0
950,950,0,2,2,2004,7d8,6f8,6,0,67,d4,091,0,0,1,0,0,0,0,1,0,0,1b3,4,0,0
951,951,0,2,2,2004,7d8,701,f,0,67,d4,091,0,0,1,0,0,0,0,1,0,0,1b4,4,0,0
952,952,0,2,2,2004,7d8,701,1,1,67,d4,092,0,0,1,0,0,0,0,1,0,0,1b5,4,0,0
953,953,0,2,2,2003,7d9,701,7,0,66,d4,092,0,0,1,0,0,0,0,1,0,0,1b6,4,0,0
954,954,0,2,2,2008,7d8,70a,0,0,66,d4,092,0,0,1,0,0,0,0,1,0,0,1b7,4,0,0
955,955,0,2,2,2004,7d8,70a,a,1,66,d4,093,0,0,1,0,0,0,0,1,0,0,1b8,4,0,0
956,956,0,2,2,2008,7d8,70a,7,0,65,d4,093,0,0,1,0,0,0,0,1,0,0,1b9,4,0,0
957,957,0,2,2,2006,7d9,70e,0,0,65,d4,093,0,0,1,0,0,0,0,1,0,0,1ba,4,0,0
958,958,0,2,2,2007,7d9,70e,e,1,65,d4,094,0,0,1,0,0,0,0,1,0,0,1bb,4,0,0
959,959,0,2,2,2008,7d9,70e,7,0,64,d4,094,0,0,1,0,0,0,0,1,0,0,1bc,4,0,0
960,960,0,2,2,2008,7d8,718,0,0,64,d4,094,0,0,1,0,0,0,0,1,0,0,1bd,4,0,0
961,961,0,2,2,2008,7d7,718,8,1,64,d4,095,0,0,1,0,0,0,0,1,0,0,1be,4,0,0
962,962,0,2,2,2009,7d7,718,7,0,63,d4,095,0,0,1,0,0,0,0,1,0,0,1bf,4,0,0
963,963,0,2,2,2009,7d6,71c,1,0,63,d4,095,0,0,1,0,0,0,0,1,0,0,1c0,4,0,0
964,964,0,2,2,2009,7d5,71c,c,1,63,d4,096,0,0,1,0,0,0,0,1,0,0,1c1,4,0,0
965,965,0,2,2,2009,7d4,71c,7,0,62,d4,096,0,0,1,0,0,0,0,1,0,0,1c2,4,0,0
966,966,0,2,2,2010,7d4,723,1,0,62,d4,096,0,0,1,0,0,0,0,1,0,0,1c3,4,0,0
967,967,0,2,2,2010,7d4,723,3,1,62,d4,097,0,0,1,0,0,0,0,1,0,0,1c4,4,0,0
968,968,0,2,2,2010,7d3,723,7,0,61,d4,097,0,0,1,0,0,0,0,1,0,0,1c5,4,0,0
969,969,0,2,2,2009,7d8,72a,2,0,61,d4,097,0,0,1,0,0,0,0,1,0,0,1c6,4,0,0
970,970,0,2,2,2010,7d4,72a,a,1,61,d4,098,0,0,1,0,0,0,0,1,0,0,1c7,4,0,0
971,971,0,2,2,2011,7d8,72a,7,0,60,d4,098,0,0,1,0,0,0,0,1,0,0,1c8,4,0,0
972,972,0,2,2,2011,7d6,72f,2,0,60,d4,098,0,0,1,0,0,0,0,1,0,0,1c9,4,0,0
973,973,0,2,2,2011,7d7,72f,f,1,60,d4,099,0,0,1,0,0,0,0,1,0,0,1ca,4,0,0
974,974,0,2,2,2010,7d8,72f,7,0,59,d4,099,0,0,1,0,0,0,0,1,0,0,1cb,4,0,0
975,975,0,2,2,2012,7d8,736,2,0,59,d4,099,0,0,1,0,0,0,0,1,0,0,1cc,4,0,0
976,976,0,2,2,2011,7d8,736,6,1,59,d4,09a,0,0,1,0,0,0,0,1,0,0,1cd,4,0,0
977,977,0,2,2,2010,7d9,736,7,0,58,d4,09a,0,0,1,0,0,0,0,1,0,0,1ce,4,0,0
978,978,0,2,2,2012,7d9,73a,3,0,58,d4,09a,0,0,1,0,0,0,0,1,0,0,1cf,4,0,0
979,979,0,2,2,2012,7d9,73a,a,1,58,d4,09b,0,0,1,0,0,0,0,1,0,0,1d0,4,0,0
980,980,0,2,2,2012,7d9,73a,7,0,57,d4,09b,0,0,1,0,0,0,0,1,0,0,1d1,4,0,0
981,981,0,2,2,2012,7da,740,3,0,57,d4,09b,0,0,1,0,0,0,0,1,0,0,1d2,4,0,0
982,982,0,2,2,2012,7da,740,0,1,57,d4,09c,0,0,1,0,0,0,0,1,0,0,1d3,4,0,0
983,983,0,2,2,2013,7da,740,7,0,56,d4,09c,0,0,1,0,0,0,0,1,0,0,1d4,4,0,0
984,984,0,2,2,2012,7d9,745,4,0,56,d4,09c,0,0,1,0,0,0,0,1,0,0,1d5,4,0,0
985,985,0,2,2,2012,7da,745,5,1,56,d4,09d,0,0,1,0,0,0,0,1,0,0,1d6,4,0,0
986,986,0,2,2,2012,7db,745,7,0,55,d4,09d,0,0,1,0,0,0,0,1,0,0,1d7,4,0,0
987,987,0,2,2,2012,7db,74b,4,0,55,d4,09d,0,0,1,0,0,0,0,1,0,0,1d8,4,0,0
988,988,0,2,2,2012,7db,74b,b,1,55,d4,09e,0,0,1,0,0,0,0,1,0,0,1d9,4,0,0
989,989,0,2,2,2010,7da,74b,7,0,54,d4,09e,0,0,1,0,0,0,0,1,0,0,1da,4,0,0
990,990,0,2,2,2010,7dc,751,4,0,54,d4,09e,0,0,1,0,0,0,0,1,0,0,1db,4,0,0
991,991,0,2,2,2009,7db,751,1,1,54,d4,09f,0,0,1,0,0,0,0,1,0,0,1dc,4,0,0
992,992,0,2,2,2008,7da,751,7,0,53,d4,09f,0,0,1,0,0,0,0,1,0,0,1dd,4,0,0
993,993,0,2,2,2007,7dc,754,5,0,53,d4,09f,0,0,1,0,0,0,0,1,0,0,1de,4,0,0
994,994,0,2,2,2010,7dc,754,4,1,53,d4,0a0,0,0,1,0,0,0,0,1,0,0,1df,4,0,0
995,995,0,2,2,2010,7dc,754,7,0,52,d4,0a0,0,0,1,0,0,0,0,1,0,0,1e0,4,0,0
996,996,0,2,2,2009,7dc,75a,5,0,52,d4,0a0,0,0,1,0,0,0,0,1,0,0,1e1,4,0,0
997,997,0,2,2,2011,7dc,75a,a,1,52,d4,0a1,0,0,1,0,0,0,0,1,0,0,1e2,4,0,0
998,998,0,2,2,2010,7dd,75a,7,0,51,d4,0a1,0,0,1,0,0,0,0,1,0,0,1e3,4,0,0
999,999,0,2,2,2011,7dc,75e,5,0,51,d4,0a1,0,0,1,0,0,0,0,1,0,0,1e4,4,0,0
1000,1000,0,2,2,2010,7dc,75e,e,1,51,d4,0a2,0,0,1,0,0,0,0,1,0,0,1e5,4,0,0
1001,1001,0,2,2,2010,7dc,75e,7,0,50,d4,0a2,0,0,1,0,0,0,0,1,0,0,1e6,4,0,0
1002,1002,0,2,2,2012,7dc,763,5,0,50,d4,0a2,0,0,1,0,0,0,0,1,0,0,1e7,4,0,0
1003,1003,0,2,2,2012,7dc,763,3,1,50,d4,0a3,0,0,1,0,0,0,0,1,0,0,1e8,4,0,0
1004,1004,0,2,2,2012,7da,763,7,0,49,d4,0a3,0,0,1,0,0,0,0,1,0,0,1e9,4,0,0
1005,1005,0,2,2,2012,7da,766,6,0,49,d4,0a3,0,0,1,0,0,0,0,1,0,0,1ea,4,0,0
1006,1006,0,2,2,2012,7d9,766,6,1,49,d4,0a4,0,0,1,0,0,0,0,1,0,0,1eb,4,0,0
1007,1007,0,2,2,2012,7d8,766,7,0,48,d4,0a4,0,0,1,0,0,0,0,1,0,0,1ec,4,0,0
1008,1008,0,2,2,2012,7d7,76b,6,0,48,d4,0a4,0,0,1,0,0,0,0,1,0,0,1ed,4,0,0
1009,1009,0,2,2,2013,7da,76b,b,1,48,d4,0a5,0,0,1,0,0,0,0,1,0,0,1ee,4,0,0
1010,1010,0,2,2,2011,7da,76b,7,0,47,d4,0a5,0,0,1,0,0,0,0,1,0,0,1ef,4,0,0
1011,1011,0,2,2,2013,7d9,76e,6,0,47,d4,0a5,0,0,1,0,0,0,0,1,0,0,1f0,4,0,0
1012,1012,0,2,2,2011,7db,76e,e,1,47,d4,0a6,0,0,1,0,0,0,0,1,0,0,1f1,4,0,0
1013,1013,0,2,2,2013,7da,76e,7,0,46,d4,0a6,0,0,1,0,0,0,0,1,0,0,1f2,4,0,0
1014,1014,0,2,2,2013,7db,773,6,0,46,d4,0a6,0,0,1,0,0,0,0,1,0,0,1f3,4,0,0
1015,1015,0,2,2,2013,7da,773,3,1,46,d4,0a7,0,0,1,0,0,0,0,1,0,0,1f4,4,0,0
1016,1016,0,2,2,2014,7da,773,7,0,45,d4,0a7,0,0,1,0,0,0,0,1,0,0,1f5,4,0,0
1017,1017,0,2,2,2012,7dc,777,7,0,45,d4,0a7,0,0,1,0,0,0,0,1,0,0,1f6,4,0,0
1018,1018,0,2,2,2014,7dc,777,7,1,45,d4,0a8,0,0,1,0,0,0,0,1,0,0,1f7,4,0,0
1019,1019,0,2,2,2013,7dc,777,7,0,44,d4,0a8,0,0,1,0,0,0,0,1,0,0,1f8,4,0,0
1020,1020,0,2,2,2013,7dc,77b,7,0,44,d4,0a8,0,0,1,0,0,0,0,1,0,0,1f9,4,0,0
1021,1021,0,2,2,2014,7dc,77b,b,1,44,d4,0a9,0,0,1,0,0,0,0,1,0,0,1fa,4,0,0
1022,1022,0,2,2,2013,7dc,77b,7,0,43,d4,0a9,0,0,1,0,0,0,0,1,0,0,1fb,4,0,0
1023,1023,0,2,2,2014,7dc,77e,7,0,43,d4,0a9,0,0,1,0,0,0,0,1,0,0,1fc,4,0,0
